cell_type,MultiK,ChooseR,MultiK + scVI,MultiK + Scanpy,MultiK + elbow,ChooseR + scVI,ChooseR + Scanpy,ChooseR + elbow,MultiK + scLENS,ChooseR + scLENS
Tregs.,2,0,0,0,0,0,0,0,0,0
Trm_Th1.Th17.,3,1,1,1,1,1,1,1,1,1
Tfh.,5,2,2,2,2,2,2,2,2,2
Trm_Th1.Th17.,3,3,1,1,3,1,3,3,1,1
Tnaive.CM_CD4.,0,0,3,3,1,3,3,4,3,3
Tnaive.CM_CD8.,1,3,3,4,4,4,4,5,4,4
Tem.emra_CD8.,4,4,4,5,5,5,5,6,5,5
Tnaive.CM_CD4.,0,5,5,3,1,6,6,7,3,3
Tregs.,2,0,0,6,0,7,7,8,0,0
Tnaive.CM_CD4.,0,5,5,1,3,8,1,3,3,3
Tnaive.CM_CD4.,0,5,5,3,1,6,3,9,3,3
Tregs.,2,0,0,0,0,0,0,10,0,0
Tregs.,2,0,0,0,0,7,0,11,0,0
Tnaive.CM_CD8.,1,6,3,4,6,4,4,12,4,4
Tnaive.CM_CD8.,1,3,3,0,0,0,0,0,4,4
Trm_Th1.Th17.,3,3,1,3,6,1,3,13,1,1
Tnaive.CM_CD8.,1,6,3,4,4,9,4,14,4,4
Tregs.,2,0,0,6,0,7,7,8,0,0
Tem.emra_CD8.,4,4,4,7,5,5,8,15,5,6
Tfh.,2,0,0,8,0,7,0,16,2,2
Tnaive.CM_CD4.,0,5,5,8,4,6,3,17,3,3
Tnaive.CM_CD8.,1,5,3,3,4,9,3,18,4,4
MAIT.,7,7,6,9,7,10,9,19,6,7
Tnaive.CM_CD4.,0,5,5,3,1,8,3,20,3,3
Tnaive.CM_CD4.,0,5,5,3,1,6,0,20,3,3
Tnaive.CM_CD4.,0,3,3,8,4,8,3,5,3,3
Tnaive.CM_CD8.,1,6,3,4,4,9,4,21,4,4
Cycling.T.NK.,4,4,4,7,5,11,8,22,5,8
Trm_Th1.Th17.,3,1,1,1,7,1,1,23,1,1
Tem.emra_CD8.,4,4,4,5,5,5,5,24,5,5
Tnaive.CM_CD8.,1,6,3,4,1,9,4,4,4,4
Tnaive.CM_CD4.,0,5,5,3,1,8,3,9,3,3
Tnaive.CM_CD4.,0,5,5,3,1,8,3,1,3,3
Tnaive.CM_CD4.,0,5,5,3,1,3,3,20,3,3
Tnaive.CM_CD8.,1,6,3,4,4,9,4,25,4,4
Tregs.,2,0,0,0,0,12,0,11,2,2
Trm_Th1.Th17.,3,1,1,1,7,1,1,26,1,1
Tgd_CRTAM..,4,4,4,7,5,13,8,22,5,6
Tnaive.CM_CD8.,1,5,3,4,4,4,6,27,4,4
Tfh.,5,8,2,2,2,2,2,28,2,2
Trm_Th1.Th17.,3,1,1,1,7,1,1,29,1,1
Trm_Th1.Th17.,3,1,1,1,6,1,1,30,1,1
Tregs.,2,0,0,0,0,0,0,31,0,0
Tregs.,2,2,0,6,2,2,7,32,0,0
Tem.emra_CD8.,4,4,4,5,5,5,5,33,5,5
Trm_gut_CD8.,6,7,2,10,0,12,10,8,6,9
Tregs.,2,0,0,0,0,0,0,0,0,0
Tnaive.CM_CD8.,1,6,3,4,4,9,4,34,4,4
Trm.em_CD8.,4,4,4,7,5,13,8,22,5,6
Teffector.EM_CD4.,6,9,1,10,7,10,10,35,6,9
Tnaive.CM_CD4.,0,5,3,8,1,6,3,4,3,3
Trm.em_CD8.,4,4,4,7,5,13,8,36,5,6
Tnaive.CM_CD4.,0,3,5,8,1,4,3,37,3,3
Tem.emra_CD8.,4,4,4,5,5,5,5,38,5,5
Tregs.,2,2,0,6,3,14,7,39,0,0
Tregs.,2,2,0,6,3,14,7,40,0,0
Trm_Th1.Th17.,0,5,1,3,4,8,3,41,3,3
MAIT.,7,7,6,9,7,10,9,19,6,7
Tnaive.CM_CD4.,0,5,5,3,1,6,3,9,3,3
Tnaive.CM_CD8.,1,6,3,4,1,6,4,20,4,4
MAIT.,7,7,6,9,7,10,9,19,6,7
MAIT.,7,7,6,9,5,10,9,6,6,7
Trm_Th1.Th17.,3,1,1,1,3,1,1,3,1,1
Teffector.EM_CD4.,6,9,1,10,7,10,10,35,6,9
Tnaive.CM_CD8.,2,0,0,0,0,0,0,42,3,10
Tfh.,5,8,2,2,2,2,2,32,2,2
Tnaive.CM_CD8.,1,6,3,4,4,9,4,21,4,4
Tnaive.CM_CD4.,0,5,5,3,4,8,3,17,3,3
Tnaive.CM_CD8.,2,3,3,4,6,4,4,12,4,4
Tfh.,5,8,2,2,2,7,2,32,2,2
Trm_Th1.Th17.,3,1,1,3,4,1,3,18,1,1
Trm_Th1.Th17.,2,3,0,10,0,12,10,11,2,2
Tnaive.CM_CD4.,0,5,3,3,1,3,3,7,3,3
Tregs.,2,2,0,6,2,14,7,43,0,0
Tnaive.CM_CD4.,0,3,3,8,8,4,3,44,3,4
Tem.emra_CD8.,4,4,4,5,5,5,5,45,5,5
Tnaive.CM_CD8.,1,6,3,4,4,9,4,46,4,4
Tnaive.CM_CD4.,0,5,5,3,1,6,3,47,3,3
Tgd_CRTAM..,4,4,4,7,5,13,8,6,5,6
Tnaive.CM_CD4.,0,5,5,3,1,8,3,4,3,3
Tem.emra_CD8.,4,4,4,5,5,5,5,24,5,5
Tnaive.CM_CD8.,1,6,3,4,4,9,4,25,4,4
Tfh.,5,8,2,2,7,2,2,48,2,2
Tfh.,5,2,2,2,2,2,2,43,2,2
Trm_Th1.Th17.,2,3,3,8,8,1,3,44,1,1
Tnaive.CM_CD8.,1,5,1,4,4,9,4,18,4,4
Tnaive.CM_CD8.,1,6,3,4,4,9,4,34,4,4
Tregs.,2,2,0,6,3,14,7,49,0,0
Trm_Th1.Th17.,3,3,1,1,6,1,1,29,1,1
Tgd_CRTAM..,4,4,4,7,5,13,8,6,5,6
Tem.emra_CD8.,4,4,4,5,5,5,5,50,5,5
Tregs.,2,2,0,6,3,14,7,49,0,0
Tnaive.CM_CD4.,0,5,5,3,1,6,3,47,3,3
Trm_Th1.Th17.,1,1,1,1,7,1,1,23,1,1
Tnaive.CM_CD8.,2,0,0,0,0,0,0,42,4,4
Tnaive.CM_CD4.,0,5,5,3,1,6,3,51,3,3
Tfh.,5,8,2,2,2,2,2,2,2,2
Tnaive.CM_CD8.,1,3,3,4,6,4,4,12,4,4
Tnaive.CM_CD8.,1,6,3,4,6,9,4,52,4,4
Tregs.,2,0,0,6,0,0,7,53,0,0
Trm_Th1.Th17.,3,5,1,1,4,1,1,25,1,1
Trm_Th1.Th17.,3,1,1,3,7,9,6,54,2,2
Tnaive.CM_CD4.,0,5,5,3,4,6,3,55,3,3
Trm_Th1.Th17.,3,1,1,1,7,1,1,56,1,1
Trm_Th1.Th17.,3,1,1,1,7,1,1,26,1,1
Trm_Th1.Th17.,3,1,1,1,4,1,1,34,1,1
Tregs.,2,0,0,8,8,0,7,44,0,0
Tnaive.CM_CD4.,0,5,5,3,1,8,3,47,3,3
Tnaive.CM_CD4.,0,5,5,3,1,8,3,9,3,3
Tnaive.CM_CD4.,0,3,3,8,8,4,3,57,3,3
Tregs.,2,2,0,6,3,14,7,40,0,0
Trm_Th1.Th17.,3,3,1,1,6,1,1,46,1,1
Tregs.,2,2,0,6,0,7,7,8,0,0
Trm_Th1.Th17.,3,0,1,1,6,1,1,58,1,1
Tnaive.CM_CD4.,0,5,5,3,1,6,3,51,3,3
Trm_Th1.Th17.,3,1,1,1,6,1,1,30,1,1
Trm_Th1.Th17.,3,0,1,8,1,1,3,4,1,1
Tregs.,2,2,0,6,3,14,7,40,0,0
Tnaive.CM_CD4.,0,5,5,3,1,3,3,4,3,3
Tregs.,0,0,0,3,0,7,3,5,0,0
Tnaive.CM_CD8.,1,6,3,4,1,9,4,47,4,4
Tfh.,2,0,0,2,0,2,2,53,2,2
Trm_Th1.Th17.,3,1,1,1,6,1,1,59,1,1
Trm_Th1.Th17.,2,0,4,8,0,0,0,53,0,0
Tem.emra_CD8.,4,4,4,5,5,5,5,50,5,5
Tnaive.CM_CD8.,1,6,3,4,4,9,4,17,4,4
Tregs.,2,2,0,2,3,14,2,59,0,0
Tnaive.CM_CD4.,0,5,5,3,1,6,3,47,3,3
Tnaive.CM_CD8.,1,6,3,4,4,9,4,25,4,4
Trm_Th1.Th17.,3,0,4,1,0,12,2,10,1,1
Tfh.,5,8,2,2,2,2,2,54,2,2
Tem.emra_CD8.,4,4,4,5,5,5,5,36,5,5
Tem.emra_CD8.,4,4,4,5,5,5,5,45,5,5
Trm_Th1.Th17.,3,1,1,1,7,1,1,26,1,1
Tnaive.CM_CD4.,0,5,5,3,1,8,3,51,3,3
Tem.emra_CD8.,4,4,4,5,5,5,5,38,5,5
Tfh.,2,0,0,2,0,12,2,10,2,2
Tem.emra_CD8.,4,4,4,5,5,5,5,22,5,5
Tnaive.CM_CD8.,1,6,3,4,4,9,4,1,4,4
Trm_Th1.Th17.,2,0,0,0,0,0,0,42,1,0
Trm.em_CD8.,6,4,2,10,7,15,10,23,5,6
Trm_Th1.Th17.,3,1,3,1,7,1,1,23,1,1
Tem.emra_CD8.,4,4,4,5,5,5,5,50,5,5
Tnaive.CM_CD8.,1,6,3,4,4,3,4,55,4,4
Tnaive.CM_CD8.,1,6,3,4,4,9,4,27,4,4
Tfh.,5,8,2,2,2,2,2,28,2,2
Tnaive.CM_CD4.,0,5,5,8,1,8,3,4,3,3
Trm_Th1.Th17.,3,1,1,1,4,1,1,34,1,1
Tfh.,5,8,2,2,2,2,2,60,2,2
Tnaive.CM_CD8.,1,6,3,4,4,9,4,55,4,4
Tnaive.CM_CD8.,1,0,3,4,7,4,4,26,4,4
Tnaive.CM_CD8.,1,3,3,4,1,4,4,37,4,4
Tem.emra_CD8.,4,4,4,5,5,5,5,15,5,5
Tnaive.CM_CD4.,0,5,0,3,1,0,3,20,3,3
Tnaive.CM_CD8.,1,6,3,4,1,9,4,4,4,4
Tregs.,2,0,0,0,0,0,0,0,0,0
Tregs.,2,2,0,6,3,14,7,3,0,0
Tnaive.CM_CD4.,0,5,3,3,1,3,3,47,3,3
Tem.emra_CD8.,4,4,4,5,5,5,5,15,5,5
Tregs.,2,2,0,6,3,14,7,40,0,0
Tnaive.CM_CD8.,1,3,3,4,4,4,4,61,4,4
Tfh.,5,8,2,2,2,12,2,28,2,2
Teffector.EM_CD4.,6,7,1,2,7,15,2,23,6,9
Trm_Th1.Th17.,3,1,1,1,7,1,1,29,1,1
Trm_Th1.Th17.,3,1,1,1,6,1,1,62,2,1
Tnaive.CM_CD8.,2,0,3,4,0,4,4,53,2,2
Tnaive.CM_CD8.,1,6,3,4,4,9,4,14,4,4
Tfh.,5,8,2,2,2,2,2,60,2,2
Tnaive.CM_CD4.,0,3,3,8,8,4,3,57,3,3
Tnaive.CM_CD8.,1,6,3,4,4,9,4,25,4,4
Tnaive.CM_CD8.,1,6,3,4,4,9,4,14,4,4
Tnaive.CM_CD4.,0,5,3,3,4,8,3,63,3,3
Tnaive.CM_CD8.,1,3,3,4,4,4,4,55,4,4
T_CD4.CD8.,3,7,1,10,7,15,10,23,0,9
Tnaive.CM_CD8.,1,6,3,1,6,4,4,52,4,4
Tnaive.CM_CD8.,1,5,3,4,4,9,4,18,4,4
Trm_Th1.Th17.,0,5,1,1,6,1,1,30,1,1
Trm_Th1.Th17.,3,1,1,2,7,1,2,43,1,1
Tnaive.CM_CD4.,0,5,5,3,4,6,6,14,3,3
Tregs.,2,2,0,6,3,14,7,39,0,0
Cycling.T.NK.,4,4,4,7,5,11,8,22,5,8
Tem.emra_CD8.,4,4,4,5,5,5,5,36,5,5
Tfh.,5,8,2,2,2,2,2,2,2,2
Tregs.,2,0,0,6,0,7,7,53,0,0
Tnaive.CM_CD4.,0,5,5,3,4,6,3,61,3,3
Tnaive.CM_CD8.,1,6,3,4,4,4,4,63,4,4
Tfh.,5,8,2,2,2,2,2,60,2,2
Trm_Th1.Th17.,1,1,1,1,6,4,1,46,1,1
Tem.emra_CD8.,4,4,4,5,5,5,5,15,5,5
Trm_Th1.Th17.,3,1,1,1,6,1,1,30,1,1
Trm_Th1.Th17.,3,1,1,1,6,1,1,30,1,1
Trm_Th1.Th17.,3,1,5,3,6,1,3,52,1,1
Tem.emra_CD8.,4,4,4,5,5,5,5,15,5,5
Tregs.,2,0,1,6,6,7,7,64,0,3
Tregs.,2,0,2,2,2,2,2,60,0,0
Tem.emra_CD8.,4,4,4,0,0,5,0,31,5,5
Trm_Th1.Th17.,3,1,1,1,7,1,1,23,1,1
Tregs.,2,0,0,0,0,5,0,8,0,0
Tnaive.CM_CD8.,1,3,3,4,4,4,4,61,4,4
Tnaive.CM_CD8.,1,3,3,4,4,4,4,61,4,4
MAIT.,7,7,6,9,7,10,9,65,6,7
Tnaive.CM_CD8.,1,6,3,4,1,9,4,52,4,4
Tnaive.CM_CD4.,0,5,5,3,4,6,6,18,3,10
Tregs.,2,0,0,0,0,0,0,0,0,0
Tfh.,5,8,2,2,2,2,2,43,2,2
Tem.emra_CD8.,4,4,4,5,5,5,5,24,5,5
Tnaive.CM_CD4.,0,0,3,3,1,3,3,20,3,3
Trm_Th1.Th17.,0,3,1,8,8,1,1,57,1,1
Trm_Th1.Th17.,1,3,3,4,0,4,4,66,4,4
Tregs.,2,2,0,6,2,14,7,43,0,0
Trm_gut_CD8.,6,8,2,10,2,15,10,28,2,2
Tregs.,2,2,0,6,3,14,7,49,0,0
Trm_Th1.Th17.,3,1,1,1,6,1,1,58,1,1
Tnaive.CM_CD4.,0,5,5,3,1,3,3,7,3,3
Tnaive.CM_CD8.,1,6,3,4,4,9,4,67,4,4
Tnaive.CM_CD8.,1,6,3,4,4,6,4,13,4,4
Teffector.EM_CD4.,6,7,1,10,7,15,10,35,6,9
Tnaive.CM_CD8.,1,6,3,4,6,4,4,46,4,4
Tem.emra_CD8.,4,4,4,5,5,5,5,6,5,5
Teffector.EM_CD4.,6,7,1,10,7,15,10,56,6,9
Teffector.EM_CD4.,6,7,1,10,7,15,10,56,6,9
Tfh.,2,0,2,6,0,12,7,53,2,2
Tnaive.CM_CD8.,1,6,3,4,4,9,4,25,4,4
Tnaive.CM_CD4.,0,5,5,3,1,8,3,9,3,3
Tnaive.CM_CD8.,1,6,3,4,2,9,4,54,4,4
Trm_Th1.Th17.,3,1,1,1,7,1,1,23,1,1
Tnaive.CM_CD8.,1,6,3,4,4,9,4,63,4,4
Tem.emra_CD8.,4,4,4,5,5,5,5,38,5,5
Tem.emra_CD8.,4,4,4,5,5,5,5,15,5,5
Teffector.EM_CD4.,6,7,1,10,7,15,10,35,6,9
Tnaive.CM_CD8.,2,0,0,0,0,12,0,0,2,2
Tfh.,5,8,2,2,2,2,2,54,2,2
Tem.emra_CD8.,4,4,4,5,5,5,5,45,5,5
Tnaive.CM_CD8.,2,0,0,0,0,0,0,31,2,2
Tregs.,2,3,0,0,0,0,0,0,0,0
Teffector.EM_CD4.,6,7,1,10,7,10,10,23,6,9
Tnaive.CM_CD4.,0,5,5,3,4,8,3,14,3,3
Tnaive.CM_CD4.,0,5,5,3,4,6,3,17,3,3
Tnaive.CM_CD8.,1,6,3,4,1,9,4,4,4,4
Tregs.,2,5,0,8,1,6,0,20,0,0
Tnaive.CM_CD8.,1,6,3,4,4,4,4,55,4,4
Tnaive.CM_CD4.,0,5,5,3,1,6,3,9,3,3
Tregs.,2,2,0,6,3,0,7,49,0,0
Tnaive.CM_CD4.,0,5,5,3,1,6,3,9,3,3
Tfh.,2,0,0,0,0,12,0,31,2,2
Tnaive.CM_CD4.,0,5,5,3,4,6,3,41,3,10
Tem.emra_CD8.,4,4,4,5,5,5,5,24,5,5
Trm_Th1.Th17.,0,1,1,8,6,1,0,64,1,1
Trm_Th1.Th17.,3,1,1,1,6,1,1,4,1,1
Tnaive.CM_CD4.,0,5,5,8,6,8,3,64,3,3
Trm.em_CD8.,4,4,4,7,7,13,10,65,5,6
Trm_Th1.Th17.,3,5,1,1,6,1,1,13,1,1
MAIT.,7,7,6,9,7,10,9,19,6,7
Tnaive.CM_CD4.,0,5,3,3,4,4,4,17,4,4
Tfh.,5,8,2,2,2,2,2,2,2,2
Teffector.EM_CD4.,6,7,1,2,2,15,10,60,6,9
Teffector.EM_CD4.,6,7,1,10,7,15,10,35,6,9
Tnaive.CM_CD8.,1,6,3,4,6,9,4,12,4,4
Tnaive.CM_CD4.,0,5,5,3,1,6,6,20,3,3
Tregs.,2,2,0,6,2,14,7,32,0,0
Tnaive.CM_CD8.,1,6,3,4,4,9,4,14,4,4
Trm.em_CD8.,6,7,4,10,5,12,10,38,6,9
Tnaive.CM_CD4.,0,3,3,3,1,3,3,9,3,3
Trm_Th1.Th17.,3,0,1,8,8,1,0,16,1,1
MAIT.,7,7,6,9,7,10,9,19,6,7
Tnaive.CM_CD8.,1,6,3,4,4,9,4,14,4,4
Trm_Th1.Th17.,2,0,1,8,8,0,1,44,1,1
Tem.emra_CD8.,4,4,4,7,5,5,8,65,5,5
Trm_Th1.Th17.,3,1,1,1,6,1,1,29,1,1
Trm_Th1.Th17.,3,1,5,1,1,1,1,7,1,1
Tregs.,2,2,1,2,2,14,2,60,0,2
Tnaive.CM_CD8.,1,6,3,4,6,9,4,12,4,4
Trm_Th1.Th17.,3,1,1,1,6,1,1,29,1,1
Tnaive.CM_CD8.,1,6,3,4,4,9,4,14,4,4
Trm_Th1.Th17.,2,3,1,8,8,1,4,44,1,1
Tem.emra_CD8.,4,4,4,5,5,5,5,36,5,5
Trm_Th1.Th17.,3,8,1,1,6,1,1,52,1,1
Trm_Th1.Th17.,3,1,1,1,6,1,1,52,1,1
Tnaive.CM_CD4.,0,5,5,3,1,8,3,68,3,3
Tnaive.CM_CD8.,1,0,3,8,0,0,0,0,4,4
Tfh.,5,8,2,2,2,2,2,28,2,2
Tem.emra_CD8.,4,4,4,5,5,5,5,38,5,5
Tnaive.CM_CD4.,0,5,5,8,1,6,3,37,3,3
Teffector.EM_CD4.,6,7,1,10,7,15,10,23,6,9
Tem.emra_CD8.,4,4,4,5,5,5,5,45,5,5
Tnaive.CM_CD8.,1,6,3,4,1,9,4,1,4,4
Tnaive.CM_CD8.,1,6,3,4,4,9,4,34,4,4
Tregs.,2,0,0,6,0,0,7,53,0,0
Tnaive.CM_CD8.,1,6,3,4,1,9,4,1,4,4
Tnaive.CM_CD4.,0,5,2,3,6,3,3,30,3,3
Tnaive.CM_CD4.,0,5,3,3,1,3,3,4,3,3
Trm_Th1.Th17.,3,1,1,3,4,1,3,18,1,1
Tfh.,5,8,2,2,2,2,2,2,2,2
Tfh.,5,8,2,2,2,2,2,2,2,2
Trm_Th1.Th17.,2,0,3,8,8,3,3,37,3,3
MAIT.,7,7,6,9,7,10,9,19,6,7
Tnaive.CM_CD4.,0,3,5,8,1,8,3,9,3,3
Tem.emra_CD8.,4,4,4,5,5,5,5,45,5,5
Tnaive.CM_CD4.,0,3,3,8,8,3,3,44,3,3
Tnaive.CM_CD8.,1,5,3,8,1,4,0,37,4,4
Trm_Th1.Th17.,3,1,1,1,7,1,1,26,6,9
Trm_Th1.Th17.,3,1,1,1,6,1,1,54,2,1
Tnaive.CM_CD4.,0,5,5,3,1,8,3,9,3,3
Trm_Th1.Th17.,3,5,3,3,4,1,3,17,1,1
Tem.emra_CD8.,4,4,4,5,5,5,5,33,5,5
Tnaive.CM_CD8.,2,0,3,4,4,4,4,69,4,4
Tnaive.CM_CD8.,1,6,3,4,4,4,4,5,4,4
Tfh.,2,0,0,8,0,7,0,53,3,3
Tnaive.CM_CD8.,1,6,3,4,4,9,4,27,4,4
Trm_Th1.Th17.,3,1,1,3,4,1,3,18,1,1
Tnaive.CM_CD8.,1,6,3,4,4,4,4,61,4,4
Tregs.,2,0,0,0,0,7,7,8,0,0
Trm_Th1.Th17.,0,3,1,8,8,0,0,44,1,1
Tem.emra_CD8.,4,4,4,5,5,5,5,38,5,5
Tregs.,2,2,0,10,2,7,10,2,0,0
Tregs.,2,2,0,6,3,14,7,40,0,0
Tem.emra_CD8.,2,0,4,0,0,5,0,31,5,5
Tnaive.CM_CD4.,2,3,3,0,0,4,0,0,3,10
Tnaive.CM_CD4.,0,5,5,3,1,3,3,9,3,3
Tnaive.CM_CD4.,0,5,5,3,1,8,3,4,3,3
Tnaive.CM_CD8.,1,6,3,4,4,9,4,55,4,4
Tgd_CRTAM..,4,4,4,7,5,13,8,6,5,6
Trm_Th1.Th17.,2,0,1,1,6,1,1,59,1,1
Trm_Th1.Th17.,0,1,1,3,6,1,1,70,3,1
Tregs.,3,1,0,2,2,14,2,2,0,0
Tnaive.CM_CD8.,0,3,3,4,4,4,4,41,2,2
Trm_Th1.Th17.,0,1,1,3,1,1,3,7,1,1
Tnaive.CM_CD4.,0,5,3,3,1,6,3,20,3,3
Tem.emra_CD8.,4,4,4,5,5,5,5,38,5,5
Tnaive.CM_CD4.,0,5,5,3,1,3,3,20,3,3
Tem.emra_CD8.,4,4,4,5,5,5,5,50,5,5
MAIT.,7,7,6,9,7,10,9,19,6,7
Tnaive.CM_CD4.,0,3,3,8,8,3,4,57,3,3
Trm_Th1.Th17.,3,1,1,1,1,1,1,48,1,1
Teffector.EM_CD4.,6,7,1,10,7,15,10,56,6,9
Tnaive.CM_CD8.,1,6,3,4,4,9,4,14,4,4
Trm_Th1.Th17.,3,1,1,1,7,1,1,23,1,1
Tnaive.CM_CD8.,1,6,3,4,4,9,4,55,4,4
Trm_Th1.Th17.,0,1,1,3,3,1,3,3,1,1
Tregs.,2,0,0,0,0,7,0,31,0,0
Trm_Th1.Th17.,3,1,5,4,6,1,3,30,1,1
Tregs.,2,0,0,0,0,0,0,53,0,0
Tem.emra_CD8.,4,4,4,7,5,5,8,8,5,5
Tnaive.CM_CD8.,1,6,3,4,6,9,4,52,4,4
Tnaive.CM_CD8.,1,3,3,4,4,4,4,5,4,4
Tnaive.CM_CD4.,0,5,5,3,1,6,3,51,3,3
Tfh.,5,8,0,2,2,12,2,60,2,2
Tnaive.CM_CD8.,2,0,0,8,0,0,4,53,4,4
Trm_Th1.Th17.,3,1,3,4,6,4,4,71,4,4
MAIT.,6,7,6,9,7,10,9,19,6,7
Tregs.,2,2,0,6,3,7,7,40,0,0
Tnaive.CM_CD8.,1,6,3,4,4,9,4,25,4,4
Tfh.,5,8,2,2,2,2,2,32,2,2
Tnaive.CM_CD4.,0,5,5,3,4,6,6,72,3,10
Tnaive.CM_CD8.,1,6,3,4,4,9,4,55,4,4
Teffector.EM_CD4.,6,7,1,1,7,15,1,29,1,1
Tem.emra_CD8.,4,4,4,7,5,5,8,6,5,5
Teffector.EM_CD4.,6,7,2,10,2,15,10,28,2,2
Tnaive.CM_CD8.,1,6,3,4,8,3,4,69,4,4
Tnaive.CM_CD4.,0,5,5,3,1,6,3,51,3,10
Tregs.,2,0,0,0,0,0,0,42,0,0
Tnaive.CM_CD8.,1,6,3,4,4,4,4,21,4,4
Tfh.,5,8,2,2,2,2,2,2,2,2
Tnaive.CM_CD4.,0,5,5,3,4,6,6,72,3,10
Tnaive.CM_CD8.,1,6,3,4,4,4,4,66,4,4
Tnaive.CM_CD8.,1,6,3,1,4,4,4,34,4,4
Tfh.,5,8,2,2,2,2,2,54,2,2
Trm_Th1.Th17.,3,1,1,1,7,1,1,29,1,1
Trm_Th1.Th17.,3,5,1,3,1,1,3,4,1,1
Tem.emra_CD8.,4,4,4,5,5,5,5,45,5,5
Tnaive.CM_CD4.,0,5,5,8,1,6,3,4,3,3
Tregs.,2,2,0,6,3,14,7,39,0,0
Tnaive.CM_CD8.,1,6,3,4,4,9,4,27,4,4
Tnaive.CM_CD4.,0,5,5,3,1,8,3,68,3,3
Tnaive.CM_CD8.,1,6,3,4,4,9,4,73,4,4
Tnaive.CM_CD4.,0,5,5,3,3,6,3,3,3,3
Trm_Th1.Th17.,3,1,1,1,6,1,1,30,1,1
Tnaive.CM_CD4.,0,5,5,3,4,8,3,63,3,3
Tregs.,2,0,0,0,0,7,0,10,0,0
Tnaive.CM_CD8.,1,3,3,4,1,3,4,20,4,4
Tnaive.CM_CD4.,0,3,3,3,1,8,3,20,3,3
Tem.emra_CD8.,4,4,4,5,5,5,5,15,5,5
Tnaive.CM_CD8.,2,0,0,0,0,0,0,0,3,10
Tnaive.CM_CD4.,0,5,5,3,1,6,3,20,3,3
Trm_Th1.Th17.,3,1,1,1,5,1,1,26,1,1
Tnaive.CM_CD8.,1,6,3,4,4,9,4,14,4,4
Trm_Th1.Th17.,3,1,1,8,8,1,1,44,1,1
Tnaive.CM_CD8.,1,6,3,4,4,4,1,46,4,8
Tnaive.CM_CD4.,0,3,3,8,6,3,3,64,3,3
Trm_Th1.Th17.,2,0,1,8,8,1,4,44,3,3
Tnaive.CM_CD8.,1,6,3,4,4,4,4,61,4,4
Cycling.T.NK.,4,4,4,7,5,11,8,22,5,8
Tnaive.CM_CD8.,1,0,3,8,4,4,4,61,4,4
Tnaive.CM_CD4.,0,5,5,3,1,6,3,68,3,3
Tnaive.CM_CD4.,0,5,5,3,1,6,3,47,3,3
Tnaive.CM_CD8.,1,6,3,4,4,9,4,21,4,4
Tfh.,5,8,2,2,2,2,2,60,2,2
Tem.emra_CD8.,4,4,4,5,5,5,5,33,5,5
Tnaive.CM_CD8.,1,6,3,4,4,9,4,14,4,4
Tnaive.CM_CD8.,1,3,3,4,0,4,4,0,4,4
Tregs.,2,0,0,6,0,7,7,53,0,0
Tregs.,2,2,0,6,0,7,7,10,0,0
Tnaive.CM_CD8.,1,6,3,4,1,9,3,73,4,4
Tnaive.CM_CD8.,1,6,3,4,4,4,4,70,4,4
Tregs.,2,2,0,6,3,14,7,39,0,0
Tgd_CRTAM..,4,4,4,5,5,13,5,33,5,6
Tnaive.CM_CD8.,1,6,3,4,4,9,4,27,4,4
Tem.emra_CD8.,2,0,4,0,0,5,0,31,5,5
Tnaive.CM_CD4.,0,5,5,8,6,8,3,64,3,3
Tnaive.CM_CD4.,0,3,3,3,4,3,3,14,3,3
Tnaive.CM_CD8.,1,6,3,4,4,4,4,25,4,4
Trm_Th1.Th17.,3,1,1,1,7,1,1,48,1,1
Tregs.,2,2,0,6,3,14,7,39,0,0
Tnaive.CM_CD8.,1,6,3,4,4,9,4,51,4,4
Trm_Th1.Th17.,3,1,1,1,7,1,1,48,1,1
Trm_Th1.Th17.,3,1,1,1,7,1,1,29,1,1
Tem.emra_CD8.,4,4,4,7,5,5,8,22,5,5
Tnaive.CM_CD4.,0,5,2,3,1,8,3,7,3,3
Tnaive.CM_CD4.,0,5,3,3,1,6,3,20,3,3
Tnaive.CM_CD4.,0,3,5,3,4,8,3,5,3,3
Tem.emra_CD8.,4,4,4,5,5,5,5,38,5,5
Trm_Th1.Th17.,3,1,1,1,6,1,1,70,1,1
Trm_Th1.Th17.,3,5,1,3,4,1,6,41,1,1
Tem.emra_CD8.,4,4,4,5,5,5,5,24,5,5
Tnaive.CM_CD8.,1,3,0,4,0,0,4,0,3,10
Tem.emra_CD8.,4,4,4,5,5,5,5,15,5,5
Teffector.EM_CD4.,6,7,1,10,7,15,10,35,6,9
MAIT.,7,7,6,9,7,10,9,35,6,7
Tnaive.CM_CD4.,0,0,3,8,0,0,4,0,3,3
Tem.emra_CD8.,4,4,4,5,5,5,5,45,5,5
Trm_Th1.Th17.,3,3,1,8,8,1,3,57,1,1
Trm_Th1.Th17.,0,0,3,3,1,3,3,20,0,0
Tregs.,2,0,0,0,0,7,0,8,0,0
Tnaive.CM_CD8.,1,6,3,4,4,4,4,61,4,4
Tnaive.CM_CD8.,1,6,3,4,6,9,4,46,4,4
Tregs.,2,2,0,3,1,14,7,20,0,0
Tnaive.CM_CD4.,0,3,3,8,8,3,3,57,4,3
Tnaive.CM_CD4.,0,3,3,3,4,3,3,41,3,3
Tnaive.CM_CD8.,1,6,3,4,6,9,4,12,4,4
Tnaive.CM_CD4.,0,5,5,8,6,8,3,64,3,3
Tem.emra_CD8.,4,1,4,5,5,5,5,38,5,5
Tnaive.CM_CD4.,2,0,3,8,8,4,3,57,3,3
Tem.emra_CD8.,4,4,4,5,5,5,5,24,5,5
Tnaive.CM_CD4.,0,5,5,3,1,8,6,7,3,3
Trm_Th1.Th17.,3,3,1,3,6,1,3,58,1,1
Tem.emra_CD8.,4,4,4,5,5,5,5,50,5,5
Tnaive.CM_CD8.,1,6,3,4,1,9,4,25,4,4
Tgd_CRTAM..,4,4,4,7,5,13,8,6,5,6
Tnaive.CM_CD8.,1,6,3,4,4,9,4,34,4,4
Tnaive.CM_CD8.,1,6,3,8,0,4,4,53,4,4
Tgd_CRTAM..,4,4,4,7,5,13,8,6,5,6
Tnaive.CM_CD8.,1,6,3,4,6,4,4,52,4,4
Trm_Th1.Th17.,3,1,1,1,6,1,1,46,1,1
Tnaive.CM_CD8.,1,3,3,8,4,4,3,69,4,4
Tnaive.CM_CD4.,0,5,5,3,3,6,6,49,3,10
Trm_Th1.Th17.,3,1,1,1,4,1,1,34,1,1
Tnaive.CM_CD8.,2,0,3,8,8,3,4,44,4,4
Tnaive.CM_CD8.,1,6,3,4,4,9,4,25,4,4
Teffector.EM_CD4.,2,0,0,0,0,12,0,11,2,2
Tnaive.CM_CD4.,0,5,5,3,4,8,3,17,3,3
Tregs.,2,0,0,0,0,0,0,0,3,10
Tnaive.CM_CD8.,1,6,3,4,4,9,4,73,4,4
Tnaive.CM_CD8.,1,6,3,8,1,6,4,4,4,4
Tnaive.CM_CD4.,0,5,5,3,1,8,6,7,3,3
Tem.emra_CD8.,4,4,4,5,5,5,5,24,5,5
Tfh.,5,8,2,2,7,2,2,23,2,2
Trm_Th1.Th17.,3,8,1,1,7,1,1,23,1,1
Tregs.,2,2,0,6,3,7,7,40,0,0
Tnaive.CM_CD4.,0,5,5,3,4,8,3,18,3,3
Tem.emra_CD8.,4,4,4,5,5,5,5,15,5,5
Tnaive.CM_CD8.,1,3,3,2,0,4,2,11,2,2
Tem.emra_CD8.,4,4,4,5,5,5,5,45,5,5
Tnaive.CM_CD4.,0,5,5,3,1,6,6,20,3,10
Tem.emra_CD8.,4,4,4,7,5,5,8,6,5,5
Tnaive.CM_CD4.,0,3,3,3,4,3,3,73,3,3
Trm_Th1.Th17.,3,1,1,1,7,1,1,26,1,1
Tnaive.CM_CD4.,0,5,5,3,4,6,6,20,3,10
Tnaive.CM_CD4.,0,5,5,3,1,3,3,47,3,3
Tnaive.CM_CD8.,1,6,3,4,4,9,4,17,4,4
Tem.emra_CD8.,4,4,4,5,5,5,5,45,5,5
Tnaive.CM_CD4.,0,5,3,3,1,3,3,7,3,3
Trm_Th1.Th17.,2,0,0,0,0,0,0,11,2,1
Tnaive.CM_CD4.,2,0,0,0,0,0,0,42,3,10
Trm_Th1.Th17.,3,1,2,1,2,1,1,54,2,1
Tfh.,2,0,0,0,0,12,0,11,2,2
Tnaive.CM_CD8.,1,6,3,4,4,4,4,69,3,3
Cycling.T.NK.,3,4,4,7,3,11,8,40,5,8
Tnaive.CM_CD4.,0,5,5,3,1,6,3,9,3,3
Tnaive.CM_CD4.,0,5,5,3,4,8,3,14,3,3
Tnaive.CM_CD8.,1,6,3,4,1,9,4,4,4,4
Tnaive.CM_CD8.,1,6,3,4,4,9,4,67,4,4
Tem.emra_CD8.,4,4,4,5,5,5,5,50,5,5
Tnaive.CM_CD8.,1,6,3,4,6,9,4,70,4,4
Tnaive.CM_CD4.,0,5,5,3,1,8,3,7,3,3
Tnaive.CM_CD4.,0,5,5,3,4,8,3,17,3,3
Tnaive.CM_CD8.,1,6,3,4,1,9,4,1,4,4
Tregs.,2,0,0,0,0,0,0,42,0,0
Tem.emra_CD8.,4,4,4,5,5,5,5,36,5,5
Tem.emra_CD8.,4,4,4,7,5,13,8,6,5,5
Tregs.,2,0,0,0,0,0,0,31,2,0
Teffector.EM_CD4.,6,7,1,10,7,15,10,56,6,9
Tregs.,2,2,0,6,3,14,7,49,0,0
Tnaive.CM_CD4.,0,5,5,3,1,6,3,73,3,3
Trm_Th1.Th17.,2,0,0,8,0,0,0,16,1,1
Tregs.,2,0,0,6,2,0,6,32,0,0
Tnaive.CM_CD8.,1,3,3,4,1,3,4,20,4,4
Trm_Th1.Th17.,3,1,1,1,6,1,1,29,1,1
Tnaive.CM_CD8.,1,6,3,4,6,9,1,12,4,4
Trm_Th1.Th17.,3,8,1,1,7,1,2,23,1,1
Trm_Th1.Th17.,3,8,0,6,3,6,7,49,0,0
Tnaive.CM_CD4.,0,5,5,3,1,6,3,9,3,3
Tnaive.CM_CD4.,0,5,5,3,1,3,3,4,3,3
Tnaive.CM_CD8.,1,6,3,4,4,9,4,5,4,4
Trm_Th1.Th17.,3,1,1,1,7,1,1,29,1,1
Trm_Th1.Th17.,3,1,1,1,6,15,1,62,1,1
Teffector.EM_CD4.,6,7,1,10,7,15,10,35,6,9
Tnaive.CM_CD8.,1,6,3,4,4,6,4,37,4,4
MAIT.,7,7,6,9,7,10,9,19,6,7
Tem.emra_CD8.,4,4,4,5,5,5,5,33,5,5
Tfh.,5,8,2,2,3,1,2,59,2,2
Tnaive.CM_CD8.,1,6,3,4,1,9,4,52,4,4
Tnaive.CM_CD8.,1,3,3,4,7,3,4,26,4,4
Tregs.,2,0,0,1,0,0,3,16,0,0
Tnaive.CM_CD4.,0,5,5,3,4,8,6,72,3,3
Tnaive.CM_CD8.,1,6,3,4,4,9,4,72,4,4
Tfh.,5,8,2,2,2,2,2,2,2,2
Tnaive.CM_CD8.,1,6,3,4,1,9,4,51,4,4
Tnaive.CM_CD4.,0,5,5,3,4,3,6,14,3,3
Tnaive.CM_CD8.,1,6,3,4,4,9,4,34,4,4
Trm_Th1.Th17.,5,8,2,2,2,1,2,2,2,2
Tfh.,5,8,2,2,2,2,2,2,2,2
Tregs.,2,2,0,6,3,14,7,74,0,0
Trm_Th1.Th17.,3,1,0,1,4,4,4,46,2,1
Tnaive.CM_CD4.,0,5,0,8,8,0,4,44,3,3
Trm_Th1.Th17.,3,1,1,1,6,1,1,58,1,1
Trm_Th1.Th17.,2,3,1,8,8,1,3,44,1,1
Tnaive.CM_CD8.,1,6,3,4,4,9,4,34,4,4
Tregs.,2,2,0,6,2,12,7,43,0,0
Tregs.,2,2,0,6,3,7,7,74,0,0
Trm_Th1.Th17.,3,3,1,1,6,1,1,29,1,1
Tregs.,2,2,0,6,2,14,7,32,0,0
Tnaive.CM_CD8.,1,6,3,4,4,4,4,69,4,4
Trm_Th1.Th17.,3,1,1,1,6,1,1,58,1,1
Trm_Th1.Th17.,0,3,1,4,6,1,4,29,4,3
Tregs.,2,2,0,6,3,7,7,74,0,0
Tnaive.CM_CD4.,0,3,3,8,8,3,3,57,3,3
Trm_Th1.Th17.,3,1,1,1,7,1,1,23,1,1
Tnaive.CM_CD8.,1,6,3,4,6,4,4,70,4,4
Tregs.,2,2,0,6,0,7,7,8,0,0
Trm_Th1.Th17.,2,3,0,2,0,12,2,10,2,2
Tnaive.CM_CD8.,1,3,0,4,0,0,6,75,4,4
Trm_Th1.Th17.,3,1,1,1,7,1,1,23,1,1
Tregs.,2,2,0,6,3,14,7,40,0,0
Tregs.,2,0,0,0,0,12,0,11,0,2
Trm_Th1.Th17.,0,3,1,1,7,1,1,26,1,1
Tem.emra_CD8.,4,4,4,5,5,5,5,6,5,5
Trm_Th1.Th17.,3,1,1,1,7,1,1,26,1,1
Tnaive.CM_CD4.,0,5,5,3,1,6,6,7,3,3
Tnaive.CM_CD8.,1,6,3,4,1,9,3,47,4,4
Tnaive.CM_CD8.,0,6,3,4,4,9,4,63,4,4
Trm_Th1.Th17.,3,1,1,1,7,1,1,23,1,1
Tnaive.CM_CD4.,0,3,3,3,6,3,3,12,3,3
Tem.emra_CD8.,4,4,4,5,5,5,5,50,5,5
Teffector.EM_CD4.,6,7,1,1,6,1,1,62,1,1
Tem.emra_CD8.,4,4,4,5,5,5,5,6,5,5
Trm_Th1.Th17.,0,1,1,1,1,1,1,7,1,1
Tem.emra_CD8.,4,4,4,5,5,5,5,45,5,5
Tem.emra_CD8.,4,4,4,5,5,5,5,33,5,5
Tem.emra_CD8.,4,4,4,5,5,5,5,33,5,5
Trm_Th1.Th17.,3,1,1,1,7,1,1,23,1,1
Trm_Th1.Th17.,0,1,1,1,6,1,1,23,1,1
Tem.emra_CD8.,4,4,4,5,5,5,5,45,5,5
Tfh.,5,8,2,2,2,2,2,60,2,2
Trm_Th1.Th17.,3,1,1,1,6,1,1,58,1,1
Tregs.,2,0,0,0,0,0,0,31,0,0
Tgd_CRTAM..,4,4,4,7,5,13,8,22,5,6
Tem.emra_CD8.,4,4,4,5,5,5,5,36,5,5
Tnaive.CM_CD8.,1,6,5,3,4,9,6,72,4,4
Tem.emra_CD8.,4,4,4,5,5,5,5,45,5,5
Teffector.EM_CD4.,6,7,1,1,7,15,1,23,6,9
Tem.emra_CD8.,4,4,4,5,5,5,5,45,5,5
Tnaive.CM_CD8.,2,0,3,4,4,4,4,69,4,4
Tregs.,2,2,0,6,3,14,7,40,0,0
Tnaive.CM_CD8.,2,0,3,4,0,4,4,53,4,4
Trm_Th1.Th17.,0,3,1,1,6,7,1,62,6,9
Tnaive.CM_CD8.,1,6,3,4,4,9,4,25,4,4
Tregs.,2,2,0,6,3,14,7,40,0,0
Tregs.,2,2,0,6,3,14,7,3,0,0
Tnaive.CM_CD8.,1,6,3,4,4,9,4,18,4,4
Tnaive.CM_CD4.,0,5,5,8,1,6,3,9,3,3
Tnaive.CM_CD8.,1,6,3,4,1,9,4,1,4,4
Tfh.,5,8,2,2,6,2,2,76,2,2
Tem.emra_CD8.,4,4,4,5,5,5,5,33,5,5
Trm_Th1.Th17.,3,3,1,1,6,1,1,58,1,1
Tnaive.CM_CD4.,0,5,5,3,1,8,3,51,3,3
Tnaive.CM_CD4.,0,5,2,3,4,2,6,72,3,3
Tnaive.CM_CD8.,1,6,3,4,4,9,4,25,4,4
Tnaive.CM_CD8.,1,6,3,4,4,9,4,63,4,4
Tnaive.CM_CD4.,0,5,5,3,1,8,3,51,3,3
Tnaive.CM_CD8.,1,0,3,4,4,0,4,61,4,4
Trm_Th1.Th17.,3,1,1,1,7,1,1,29,1,1
Tnaive.CM_CD8.,1,6,3,4,4,4,4,67,4,4
Tregs.,2,0,0,3,8,7,7,69,0,0
Tem.emra_CD8.,4,4,4,5,5,5,5,45,5,5
Trm_Th1.Th17.,3,1,1,1,6,1,1,29,1,1
Tnaive.CM_CD4.,0,5,5,3,1,6,3,7,3,3
Tnaive.CM_CD4.,0,5,3,3,1,6,3,51,3,3
Tem.emra_CD8.,4,4,4,5,5,5,5,24,5,5
Tem.emra_CD8.,4,4,4,5,5,5,5,33,5,5
MAIT.,7,7,6,9,7,10,9,19,6,7
Trm_Th1.Th17.,3,0,1,1,6,1,1,13,1,1
Tem.emra_CD8.,4,4,4,5,5,5,5,36,5,5
Trm_Th1.Th17.,3,1,1,1,6,1,1,46,1,1
Tnaive.CM_CD8.,1,6,3,4,6,9,4,52,4,4
Tem.emra_CD8.,4,4,4,5,5,5,5,33,5,5
Tnaive.CM_CD4.,0,5,5,3,1,8,6,7,3,3
Tregs.,2,2,0,6,3,14,7,74,0,0
Tnaive.CM_CD4.,0,5,3,3,1,8,3,68,3,3
Trm_Th1.Th17.,3,1,1,3,3,1,3,3,1,1
Trm_Th1.Th17.,3,1,1,1,7,1,1,23,1,1
Tnaive.CM_CD8.,1,0,3,3,6,4,3,46,4,4
Tfh.,5,8,0,2,0,2,2,76,2,2
Tregs.,2,2,0,6,3,14,7,40,0,0
Tnaive.CM_CD8.,1,6,3,4,4,9,4,34,4,4
Tregs.,2,0,0,0,0,0,0,31,0,0
Trm_Th1.Th17.,3,3,1,1,0,1,1,53,1,1
Tnaive.CM_CD8.,1,6,3,4,4,9,4,63,4,4
MAIT.,7,7,6,9,7,10,9,65,6,7
Trm_Th1.Th17.,3,1,1,1,7,1,1,23,1,1
Tnaive.CM_CD4.,0,0,5,3,3,6,0,59,2,2
Tnaive.CM_CD4.,0,5,5,3,1,3,3,20,3,3
Tnaive.CM_CD4.,0,5,5,8,8,6,3,57,3,3
Trm_Th1.Th17.,2,4,0,1,0,0,1,53,1,1
Tregs.,2,2,0,6,3,14,7,39,0,0
Tregs.,2,2,0,6,2,7,7,43,0,0
Tnaive.CM_CD8.,1,6,3,4,4,4,4,67,4,4
Tregs.,2,0,0,3,0,0,0,16,0,0
Tgd_CRTAM..,4,4,4,7,5,13,8,22,5,6
Trm_Th1.Th17.,3,1,1,4,6,1,4,67,1,1
Trm_Th1.Th17.,3,1,1,1,6,1,1,13,1,1
Tem.emra_CD8.,4,4,4,5,5,5,5,36,5,5
Tnaive.CM_CD4.,0,5,5,3,4,6,6,41,3,10
Tnaive.CM_CD4.,0,5,5,3,1,6,3,68,3,3
Tnaive.CM_CD8.,1,6,3,4,4,8,4,41,4,4
Tfh.,5,8,2,2,2,2,2,60,2,2
Trm_Th1.Th17.,3,1,1,1,7,1,1,29,1,1
Tnaive.CM_CD8.,1,6,3,4,4,9,4,14,4,4
Tnaive.CM_CD4.,0,3,1,1,7,12,6,26,3,3
Tregs.,2,2,0,6,3,7,7,74,0,0
Tnaive.CM_CD8.,1,6,3,4,1,9,4,73,4,4
Tem.emra_CD8.,4,4,4,7,5,5,8,22,5,5
Tfh.,5,8,2,2,2,2,2,60,2,2
Tem.emra_CD8.,4,4,4,5,5,5,5,33,5,5
MAIT.,7,7,6,9,7,10,9,19,6,7
Tnaive.CM_CD4.,0,5,5,3,4,8,3,18,3,3
Trm_Th1.Th17.,3,1,1,1,6,1,1,52,1,1
Trm_Th1.Th17.,3,1,1,1,6,1,1,62,2,1
Tfh.,5,8,0,2,2,12,2,60,2,2
Tnaive.CM_CD4.,0,5,3,3,1,3,3,4,3,3
Tnaive.CM_CD8.,1,6,3,4,4,4,4,34,4,4
Tem.emra_CD8.,4,4,4,5,5,5,5,33,5,5
Tgd_CRTAM..,4,4,4,7,5,13,8,22,5,6
Trm_Th1.Th17.,3,1,1,1,6,1,1,30,1,1
Tnaive.CM_CD4.,0,3,5,3,4,8,4,17,3,3
Tnaive.CM_CD8.,0,5,3,3,4,9,3,27,4,4
Trm_Th1.Th17.,3,1,1,1,1,1,1,48,1,1
Trm_Th1.Th17.,3,1,1,1,7,1,1,23,1,1
Tnaive.CM_CD8.,1,6,3,4,6,9,4,12,4,4
Trm_Th1.Th17.,3,1,1,1,7,15,1,23,1,1
Tnaive.CM_CD4.,0,3,3,8,1,8,3,20,3,3
Tregs.,2,0,0,8,0,0,0,16,0,0
Trm_Th1.Th17.,3,1,1,1,3,1,1,59,1,1
Tem.emra_CD8.,4,4,4,5,5,5,5,36,5,5
Tem.emra_CD8.,4,4,4,5,5,5,5,38,5,5
Tfh.,5,8,2,2,2,2,2,2,2,2
Tnaive.CM_CD8.,1,6,3,4,4,9,4,69,4,4
Tem.emra_CD8.,4,4,4,5,5,5,5,38,5,5
Tregs.,2,2,0,6,3,0,7,49,0,0
Tgd_CRTAM..,4,4,4,7,5,13,8,6,5,6
Tnaive.CM_CD4.,0,5,5,3,1,8,3,47,3,3
Trm_Th1.Th17.,3,1,1,1,7,1,1,58,1,1
Tnaive.CM_CD8.,1,3,3,1,6,1,1,58,4,4
Tnaive.CM_CD4.,0,5,5,3,4,6,3,41,3,3
Tregs.,2,2,0,6,2,7,7,32,0,0
Tnaive.CM_CD8.,1,0,3,8,8,9,4,44,4,4
Tnaive.CM_CD4.,0,5,5,3,4,8,6,72,3,10
Tregs.,2,0,0,4,6,0,4,58,0,0
Trm_Th1.Th17.,3,1,1,1,6,1,1,30,1,1
Trm_Th1.Th17.,3,3,1,1,6,1,1,71,1,1
Tnaive.CM_CD4.,0,5,5,3,1,8,3,1,3,3
Trm_Th1.Th17.,3,1,1,1,6,1,1,29,1,1
Tnaive.CM_CD8.,1,6,3,4,4,9,4,34,4,4
Tnaive.CM_CD4.,0,3,0,3,1,3,3,4,3,3
Tnaive.CM_CD4.,0,3,3,3,4,3,3,63,3,3
Tregs.,2,2,0,6,3,14,7,40,0,0
Cycling.T.NK.,4,4,4,7,3,11,8,40,5,8
Tnaive.CM_CD4.,0,5,5,3,4,8,6,14,3,3
Tnaive.CM_CD4.,0,0,3,8,8,0,3,57,3,3
Tnaive.CM_CD4.,0,3,5,3,4,6,4,41,3,3
MAIT.,7,7,6,9,5,10,9,6,6,7
MAIT.,7,7,6,9,7,10,9,35,6,7
Tregs.,2,0,0,0,0,12,0,10,6,9
Tnaive.CM_CD8.,1,6,3,4,4,9,4,27,4,4
Tnaive.CM_CD4.,0,5,5,3,1,8,6,7,3,3
Trm_Th1.Th17.,0,3,1,8,8,12,3,53,3,3
Tnaive.CM_CD8.,1,6,3,4,4,9,4,67,4,4
MAIT.,7,7,6,9,7,10,9,35,6,7
Tem.emra_CD8.,4,4,4,5,5,5,5,24,5,5
Tnaive.CM_CD4.,0,5,5,3,4,6,6,72,3,10
MAIT.,7,7,6,9,5,10,9,6,6,7
T_CD4.CD8.,2,0,1,6,6,7,7,76,0,3
Tem.emra_CD8.,4,4,4,5,5,5,5,36,5,5
Tgd_CRTAM..,4,4,4,7,5,13,8,22,5,6
Tem.emra_CD8.,4,4,4,5,5,5,5,50,5,5
Trm_Th1.Th17.,3,1,1,1,6,1,1,52,1,1
Tnaive.CM_CD8.,1,6,3,4,4,4,4,73,4,4
Tnaive.CM_CD4.,0,5,5,8,8,6,3,69,3,3
Tnaive.CM_CD4.,0,5,5,3,4,8,6,27,3,3
Trm_gut_CD8.,6,7,2,10,7,15,10,56,6,9
Tnaive.CM_CD4.,0,3,3,3,1,3,3,7,3,3
Tnaive.CM_CD8.,1,6,3,4,6,9,4,12,4,4
Tnaive.CM_CD8.,1,6,3,4,4,9,4,21,4,4
Tregs.,2,2,0,6,3,14,7,3,0,0
Tnaive.CM_CD4.,0,0,5,8,1,3,3,4,3,3
Tnaive.CM_CD4.,0,5,5,3,1,6,3,51,3,3
Trm_Th1.Th17.,3,0,0,1,6,12,1,29,1,1
Trm_Th1.Th17.,3,1,1,1,4,1,1,5,1,1
Tnaive.CM_CD4.,0,5,5,3,1,8,3,68,3,3
Trm_Th1.Th17.,3,1,1,1,6,1,1,30,1,1
Tnaive.CM_CD8.,1,6,3,4,6,4,4,71,4,4
Trm_Th1.Th17.,3,1,1,1,6,1,1,58,1,1
Tnaive.CM_CD4.,0,5,5,3,1,6,6,18,3,10
Tgd_CRTAM..,4,4,4,7,5,13,8,6,5,6
Tnaive.CM_CD4.,0,3,5,3,4,3,3,61,3,3
Tfh.,5,8,2,2,2,2,2,2,2,2
Tem.emra_CD8.,4,4,4,5,5,5,5,6,5,5
Tregs.,2,0,3,6,6,12,7,76,0,0
Tregs.,2,0,0,0,0,0,0,10,0,0
Tem.emra_CD8.,4,4,4,5,5,5,5,22,5,5
Tnaive.CM_CD4.,0,5,5,8,1,6,3,4,3,3
Tnaive.CM_CD8.,2,0,0,0,0,0,0,0,1,1
Trm_Th1.Th17.,3,1,1,3,6,8,1,52,1,1
Tnaive.CM_CD4.,0,5,5,3,4,9,6,14,3,10
Tem.emra_CD8.,4,4,4,5,5,5,5,24,5,5
Tnaive.CM_CD8.,1,6,3,4,6,4,4,52,4,4
Tregs.,2,2,0,6,3,14,7,49,0,0
Trm_Th1.Th17.,3,1,1,1,6,1,1,30,1,1
Tem.emra_CD8.,4,4,4,5,5,5,5,33,5,5
Tfh.,5,8,2,2,2,2,2,60,2,2
Trm_Th1.Th17.,0,3,3,3,1,1,3,47,1,1
Tem.emra_CD8.,4,4,4,5,5,5,5,24,5,5
Trm_Th1.Th17.,0,3,1,8,8,0,0,44,0,0
Trm_Th1.Th17.,3,1,1,1,7,1,1,23,1,1
Tfh.,5,8,2,2,4,2,2,41,2,2
Tnaive.CM_CD4.,0,5,5,3,1,6,3,72,3,3
Trm_Th1.Th17.,3,1,1,1,7,1,1,35,1,1
Tnaive.CM_CD8.,1,6,3,3,1,9,0,20,4,4
Trm_Th1.Th17.,3,3,3,4,6,4,4,46,1,1
Tnaive.CM_CD8.,2,0,0,0,0,0,0,11,3,10
Trm_Th1.Th17.,0,1,1,3,1,1,3,7,3,3
Tem.emra_CD8.,4,4,4,5,5,5,8,6,5,5
Tnaive.CM_CD8.,1,6,3,4,4,4,4,25,4,4
Tregs.,2,0,0,0,0,0,0,11,0,0
Tnaive.CM_CD8.,1,3,3,3,4,0,3,66,4,4
Tnaive.CM_CD4.,0,5,5,3,1,6,3,51,3,3
Tnaive.CM_CD8.,1,6,3,4,4,9,4,63,4,4
Tregs.,2,0,0,0,0,0,0,42,0,0
Tem.emra_CD8.,4,4,4,5,5,5,5,33,5,5
Tnaive.CM_CD8.,1,3,3,4,4,9,4,63,4,4
Tregs.,2,0,0,0,0,0,0,31,2,2
Tnaive.CM_CD8.,1,6,3,4,6,9,4,71,4,4
Tregs.,2,0,0,6,3,7,7,59,0,0
Trm_Th1.Th17.,2,0,0,8,0,0,0,53,1,1
Tnaive.CM_CD4.,0,5,5,8,1,6,3,4,3,3
Tnaive.CM_CD4.,0,5,5,3,1,6,6,51,3,3
Trm_Th1.Th17.,3,3,1,8,6,1,1,71,1,1
Tem.emra_CD8.,4,4,4,5,5,5,5,33,5,5
Trm_Th1.Th17.,3,1,1,1,6,1,1,52,1,3
Trm_Th1.Th17.,3,3,0,2,7,2,2,75,2,2
Tregs.,2,2,0,6,7,14,7,48,0,0
Tregs.,2,2,0,6,3,14,7,49,0,0
Trm_Th1.Th17.,3,1,1,1,7,1,1,29,1,1
Tnaive.CM_CD4.,0,5,5,1,6,8,1,52,3,3
Tem.emra_CD8.,4,4,4,5,5,5,5,15,5,5
Tnaive.CM_CD8.,1,6,3,4,4,9,4,34,4,4
Trm_Th1.Th17.,0,5,1,1,6,9,3,46,1,1
Tgd_CRTAM..,4,4,4,7,5,13,8,22,5,6
Trm_Th1.Th17.,3,1,1,1,7,1,1,48,1,1
Tnaive.CM_CD8.,1,6,3,4,4,4,4,63,4,4
Tnaive.CM_CD4.,0,5,3,3,1,8,3,68,3,3
Tnaive.CM_CD8.,1,6,3,4,4,9,4,34,4,4
Trm_Th1.Th17.,3,1,1,1,7,1,1,29,1,1
Trm_Th1.Th17.,3,1,1,2,7,9,10,54,2,2
Tregs.,2,2,0,6,3,14,7,39,0,0
Tem.emra_CD8.,4,4,4,5,5,5,5,6,5,5
Tnaive.CM_CD4.,0,5,5,3,1,6,3,51,3,3
Trm_Th1.Th17.,3,1,1,1,4,1,3,18,1,1
Trm_Th1.Th17.,1,0,3,8,4,1,4,61,1,1
Trm_Th1.Th17.,3,3,1,1,7,1,1,26,1,1
Tnaive.CM_CD8.,1,6,3,4,4,9,4,34,4,4
Tnaive.CM_CD8.,1,6,3,4,1,9,4,14,4,4
Tnaive.CM_CD4.,0,5,5,8,1,6,3,4,3,3
Tem.emra_CD8.,4,4,4,5,5,5,5,6,5,5
Tnaive.CM_CD4.,2,3,1,8,8,0,3,44,4,4
Tnaive.CM_CD4.,0,5,5,8,1,8,3,47,3,3
Tfh.,5,8,2,2,2,2,2,2,2,2
Tem.emra_CD8.,4,4,4,5,5,5,5,38,5,5
Tnaive.CM_CD8.,1,6,3,4,4,9,4,18,4,4
Teffector.EM_CD4.,6,7,1,10,7,15,10,19,6,9
Tem.emra_CD8.,4,4,4,5,5,5,5,45,5,5
Tnaive.CM_CD8.,1,6,3,4,4,4,4,34,4,4
Trm_Th1.Th17.,2,3,1,8,0,12,0,53,1,1
Tnaive.CM_CD8.,1,6,3,4,6,9,4,52,4,4
Trm_Th1.Th17.,0,3,1,1,1,12,3,7,1,1
Tfh.,5,8,2,2,3,2,2,49,2,2
Tnaive.CM_CD4.,0,5,5,3,4,3,3,41,3,3
Tregs.,2,0,0,8,6,7,0,59,0,0
Tnaive.CM_CD4.,0,5,5,8,8,8,3,37,3,3
Tnaive.CM_CD8.,1,3,3,4,4,4,4,69,4,4
Tnaive.CM_CD4.,0,5,5,8,1,8,3,47,3,3
Tnaive.CM_CD4.,0,5,5,3,1,6,3,51,3,3
Tregs.,2,0,0,0,0,0,0,31,0,0
Tnaive.CM_CD8.,1,6,3,4,4,4,4,5,4,4
Tregs.,2,0,0,0,3,7,6,49,0,0
Tnaive.CM_CD8.,1,6,3,4,4,9,4,25,4,4
Trm_Th1.Th17.,3,1,1,1,6,1,1,62,1,1
Trm_Th1.Th17.,1,5,5,8,8,4,1,69,1,1
Tregs.,2,0,0,0,0,0,0,31,0,0
Tnaive.CM_CD8.,1,3,3,8,8,9,4,57,4,4
Tfh.,5,8,2,2,2,2,2,60,2,2
Tnaive.CM_CD8.,1,6,3,4,6,4,4,46,4,4
MAIT.,7,7,6,9,5,10,9,6,6,7
Tregs.,2,2,0,6,2,12,7,43,0,0
Tgd_CRTAM..,4,4,4,7,5,13,8,6,5,6
Tregs.,2,2,0,6,3,7,7,40,0,0
Trm_Th1.Th17.,3,1,1,1,7,1,1,23,1,1
Tnaive.CM_CD8.,1,6,3,4,4,9,4,73,4,4
Tgd_CRTAM..,4,4,4,7,5,13,8,6,5,6
Trm_Th1.Th17.,3,1,1,1,6,1,1,58,1,1
Teffector.EM_CD4.,6,7,1,10,6,10,10,29,6,9
Tnaive.CM_CD4.,0,5,5,3,4,8,3,55,3,10
Tnaive.CM_CD4.,0,5,5,3,4,3,3,17,3,3
Tregs.,2,0,0,0,0,0,0,42,0,0
Tfh.,5,8,2,2,2,2,2,60,2,2
Trm_Th1.Th17.,3,3,1,1,6,1,1,71,1,1
Tnaive.CM_CD8.,1,6,3,4,4,9,4,14,4,4
Trm_Th1.Th17.,0,5,1,8,8,4,1,57,1,1
Tfh.,5,8,2,2,2,2,2,60,2,2
Tnaive.CM_CD8.,1,6,3,4,4,9,4,67,4,4
Trm_Th1.Th17.,3,3,1,1,6,1,1,58,1,1
Trm_Th1.Th17.,0,0,3,8,8,3,3,44,1,1
Tregs.,2,0,0,0,0,7,0,10,0,0
MAIT.,7,7,6,9,7,10,9,19,6,7
Trm_Th1.Th17.,3,7,1,1,7,1,1,23,1,1
Trm_Th1.Th17.,2,0,1,8,8,1,3,57,1,1
Tnaive.CM_CD4.,0,5,3,8,1,6,3,4,3,3
Tnaive.CM_CD8.,2,3,3,3,0,4,1,75,2,2
Tnaive.CM_CD4.,0,5,3,3,1,3,3,47,3,3
Tnaive.CM_CD4.,0,5,5,3,1,6,3,51,3,10
Tnaive.CM_CD4.,0,5,5,8,6,6,4,4,4,4
Tnaive.CM_CD8.,1,6,3,4,1,4,4,4,4,4
Trm_Th1.Th17.,1,3,3,8,8,4,3,57,3,3
Tfh.,2,0,0,8,0,7,0,16,2,2
MAIT.,7,7,6,9,5,10,9,6,6,7
Tregs.,2,2,0,6,3,14,7,40,0,0
Tnaive.CM_CD4.,0,5,5,3,6,4,3,70,3,3
Tfh.,5,8,2,2,2,2,2,43,2,2
Tregs.,2,0,0,6,3,14,7,3,0,0
Tem.emra_CD8.,2,0,4,0,0,5,0,31,5,5
Tnaive.CM_CD8.,1,6,3,4,4,9,4,25,4,4
Tregs.,2,0,0,6,0,7,7,10,0,0
Tfh.,5,8,2,2,2,2,2,2,2,2
Tnaive.CM_CD4.,0,5,5,8,1,3,3,4,3,3
Tnaive.CM_CD4.,0,3,3,3,4,4,3,41,3,3
MAIT.,7,7,6,9,7,10,9,65,6,7
Tnaive.CM_CD4.,0,5,5,3,1,8,3,7,3,3
Tregs.,2,0,0,0,0,0,0,42,3,0
Tnaive.CM_CD8.,1,6,3,4,4,4,4,61,4,4
Tem.emra_CD8.,4,4,4,5,5,5,5,33,5,5
Trm_Th1.Th17.,3,1,1,1,1,1,3,68,1,1
Tfh.,5,8,2,2,3,2,2,49,2,2
Tregs.,2,2,0,6,3,14,7,40,0,0
Teffector.EM_CD4.,6,7,1,2,2,2,2,2,2,2
Tnaive.CM_CD8.,1,6,3,4,6,9,4,12,4,4
Tnaive.CM_CD8.,1,6,3,4,4,4,4,17,4,4
Tem.emra_CD8.,2,3,4,0,0,5,0,42,5,5
Tnaive.CM_CD4.,0,0,3,8,8,3,3,57,3,3
Tnaive.CM_CD8.,1,6,3,4,6,9,4,52,4,4
Trm_Th1.Th17.,0,3,1,1,6,1,1,62,1,1
Tfh.,5,8,2,2,2,2,2,2,2,2
Tregs.,2,0,0,8,0,0,0,0,0,0
Tregs.,2,2,0,6,3,14,7,3,0,0
Tnaive.CM_CD4.,0,0,3,8,1,3,3,4,3,3
Tnaive.CM_CD4.,0,5,5,3,1,6,3,51,3,3
Tfh.,5,8,2,2,2,2,2,2,2,2
Tnaive.CM_CD4.,0,5,5,3,1,8,3,68,3,3
Tfh.,5,8,2,2,2,2,2,2,2,2
Tnaive.CM_CD8.,1,6,3,4,6,4,4,52,4,4
Trm_Th1.Th17.,3,3,1,1,6,1,1,13,1,1
Tnaive.CM_CD8.,1,6,3,4,4,4,4,17,4,4
Tregs.,2,0,0,0,0,0,0,42,0,0
Tnaive.CM_CD4.,0,5,5,3,1,6,6,18,3,10
Trm_Th1.Th17.,3,1,1,1,7,1,1,23,1,1
Tregs.,2,2,0,6,3,14,7,3,0,0
Tnaive.CM_CD8.,1,3,3,8,8,3,3,57,4,3
Tnaive.CM_CD8.,1,6,3,4,4,9,4,52,4,4
Tnaive.CM_CD8.,1,6,3,4,4,9,4,5,4,4
Tnaive.CM_CD4.,0,5,1,3,6,7,3,30,3,3
Tregs.,2,0,0,6,2,7,7,49,0,0
Tnaive.CM_CD4.,0,5,5,8,6,6,3,64,3,3
Tem.emra_CD8.,4,4,4,5,5,5,5,33,5,5
Teffector.EM_CD4.,6,8,2,10,7,15,10,54,2,2
Tnaive.CM_CD4.,0,3,5,8,1,8,3,47,3,3
Tnaive.CM_CD4.,0,5,5,3,1,6,3,47,3,3
Tnaive.CM_CD4.,0,5,5,3,1,6,3,9,3,3
Tnaive.CM_CD4.,0,5,5,3,4,6,6,72,3,3
Tnaive.CM_CD4.,0,3,3,3,1,3,3,4,3,3
Tnaive.CM_CD4.,0,5,5,3,1,8,3,47,3,3
Tem.emra_CD8.,4,4,4,5,5,5,5,45,5,5
Tnaive.CM_CD8.,1,6,3,4,6,9,4,30,4,4
Trm_Th1.Th17.,3,1,1,1,7,1,1,29,1,1
Tnaive.CM_CD4.,0,5,5,3,4,6,6,55,3,10
Tnaive.CM_CD8.,1,6,3,4,6,4,4,12,4,4
Trm_Th1.Th17.,3,5,1,3,6,1,1,18,1,1
Tregs.,0,0,3,3,4,7,3,41,0,0
Tem.emra_CD8.,4,4,4,5,5,5,5,33,5,5
Tem.emra_CD8.,4,4,4,5,5,5,5,45,5,5
Tnaive.CM_CD4.,0,5,5,3,4,6,6,72,3,10
Tnaive.CM_CD8.,1,6,3,4,4,4,4,61,4,4
Tnaive.CM_CD8.,1,6,3,4,4,9,4,14,4,4
Tnaive.CM_CD8.,1,0,3,4,4,4,4,61,4,4
Tnaive.CM_CD4.,0,5,5,3,4,8,4,14,3,3
Tnaive.CM_CD8.,1,6,3,4,6,3,4,13,4,4
MAIT.,7,7,6,9,7,10,9,19,6,7
Tnaive.CM_CD8.,1,6,3,4,4,9,4,14,4,4
Trm_Th1.Th17.,0,5,5,3,1,1,3,47,1,1
Tregs.,2,2,0,6,3,14,7,39,0,0
Tnaive.CM_CD8.,1,6,3,4,4,9,4,34,4,4
Tnaive.CM_CD8.,1,6,3,4,4,4,4,66,4,4
Trm_Th1.Th17.,3,0,1,8,8,1,1,57,1,1
Teffector.EM_CD4.,6,7,1,10,7,15,10,23,6,9
Tem.emra_CD8.,2,0,4,0,0,5,0,31,5,5
Tnaive.CM_CD4.,0,5,3,3,8,3,3,69,3,3
MAIT.,7,7,6,9,7,10,9,65,6,7
Teffector.EM_CD4.,6,7,1,10,7,15,10,19,5,9
Tgd_CRTAM..,4,4,4,7,5,13,8,22,5,6
Tnaive.CM_CD4.,0,3,5,8,6,3,3,64,3,3
Tnaive.CM_CD8.,1,6,3,4,4,9,4,21,4,4
Tnaive.CM_CD8.,1,3,0,4,8,4,4,44,4,4
Tnaive.CM_CD4.,0,3,5,3,1,6,3,9,3,3
Tgd_CRTAM..,4,4,4,7,5,13,8,22,5,6
Tregs.,2,0,0,0,0,0,0,10,2,2
Tem.emra_CD8.,4,4,4,5,5,5,5,33,5,5
Tfh.,5,8,2,2,2,2,2,2,2,2
Tnaive.CM_CD4.,0,5,5,3,4,6,6,72,3,10
Trm_Th1.Th17.,6,7,1,1,2,10,1,43,1,1
Tregs.,2,2,0,6,3,14,7,39,0,0
Tnaive.CM_CD8.,1,6,3,4,4,9,4,63,4,4
Cycling.T.NK.,4,4,4,7,0,11,8,8,5,8
Tfh.,5,8,2,2,2,2,2,2,2,2
Tem.emra_CD8.,4,4,4,5,5,5,5,45,5,5
Tnaive.CM_CD8.,1,3,3,4,6,4,4,12,4,4
Tregs.,2,0,1,8,0,0,0,16,0,0
Trm_Th1.Th17.,3,1,1,1,7,1,1,23,1,1
Tnaive.CM_CD4.,0,3,3,3,4,3,3,41,3,3
Tnaive.CM_CD8.,1,6,3,4,1,9,4,68,4,4
Tem.emra_CD8.,4,4,4,5,5,5,5,33,5,5
Tfh.,2,0,0,0,0,12,0,11,2,2
Trm_Th1.Th17.,3,1,1,1,7,1,1,26,1,1
Tnaive.CM_CD4.,0,5,5,3,4,6,3,41,3,3
Teffector.EM_CD4.,6,7,1,10,7,15,10,35,6,9
Tem.emra_CD8.,4,4,4,5,5,5,5,6,5,5
Tnaive.CM_CD4.,0,5,5,3,4,8,6,14,3,3
Tnaive.CM_CD4.,0,5,5,3,1,8,3,9,3,3
Tregs.,2,2,0,6,3,14,7,3,0,0
Tnaive.CM_CD4.,0,5,5,3,1,8,3,68,3,3
Trm_gut_CD8.,6,7,2,10,7,15,10,28,6,9
Tnaive.CM_CD8.,1,6,3,1,1,9,3,1,4,4
Tnaive.CM_CD4.,2,0,0,0,0,0,0,42,3,10
Tnaive.CM_CD8.,1,3,3,4,8,4,3,69,4,4
Trm_Th1.Th17.,3,1,1,1,6,1,1,46,1,1
Tnaive.CM_CD8.,1,6,3,4,4,0,4,69,4,4
MAIT.,7,7,6,9,5,10,9,6,6,7
Tfh.,5,8,2,2,2,2,2,43,2,2
Tfh.,5,8,2,2,7,2,2,28,2,2
Tregs.,2,0,0,6,0,12,7,53,0,0
Tnaive.CM_CD4.,0,5,5,3,1,6,3,47,3,3
Tregs.,2,2,0,6,3,14,7,49,0,0
Tfh.,5,8,2,2,2,2,2,60,2,2
Tnaive.CM_CD8.,1,6,3,4,4,9,4,34,4,4
Tnaive.CM_CD4.,0,5,5,3,1,8,3,9,3,3
Tregs.,2,2,0,6,3,8,7,59,0,0
Tnaive.CM_CD4.,0,5,5,8,4,6,3,57,3,3
Tregs.,2,0,0,6,0,7,7,53,0,0
Teffector.EM_CD4.,6,7,1,10,7,15,10,23,6,9
Tregs.,2,2,0,6,1,14,7,7,0,0
Tem.emra_CD8.,2,0,4,0,0,5,0,31,5,5
Tnaive.CM_CD4.,0,5,5,3,1,8,3,9,3,3
Tfh.,5,8,2,2,2,2,2,60,2,2
Trm_Th1.Th17.,3,1,1,1,6,1,1,62,1,1
Tnaive.CM_CD4.,0,0,3,3,0,3,0,53,3,3
MAIT.,7,7,6,9,7,10,9,65,6,7
Trm_Th1.Th17.,3,1,1,1,6,1,1,76,1,3
Tnaive.CM_CD8.,1,6,3,4,4,4,4,25,4,4
Trm_Th1.Th17.,3,1,1,1,6,1,1,58,1,1
Tnaive.CM_CD4.,0,5,5,3,4,3,3,73,3,3
Trm_Th1.Th17.,3,1,1,1,6,1,1,30,1,1
Tgd_CRTAM..,4,4,4,7,5,13,8,22,5,6
Tfh.,2,0,2,6,6,10,7,59,0,3
Tregs.,2,0,0,6,3,7,7,49,0,0
Tnaive.CM_CD4.,0,5,5,3,1,8,3,7,3,3
Tem.emra_CD8.,4,4,4,5,5,5,5,15,5,5
Tnaive.CM_CD8.,1,6,3,4,6,9,4,71,4,4
Tnaive.CM_CD8.,1,6,3,4,6,9,4,70,4,4
Tnaive.CM_CD8.,1,6,3,4,6,9,4,70,4,4
Tregs.,2,0,1,6,3,7,7,59,0,0
Tregs.,2,0,1,6,6,0,7,29,0,0
Tnaive.CM_CD4.,0,5,5,3,4,8,6,18,3,10
Tnaive.CM_CD4.,0,5,5,8,1,6,3,69,3,3
Trm_Th1.Th17.,3,1,1,1,4,1,1,5,1,1
Tnaive.CM_CD4.,0,5,3,3,1,6,3,4,3,3
Tnaive.CM_CD4.,0,3,3,3,1,8,3,51,3,3
Tregs.,2,0,0,0,0,7,0,8,0,0
Tem.emra_CD8.,4,4,4,5,5,5,5,33,5,5
Tregs.,2,2,0,6,2,7,7,60,0,0
Tfh.,5,8,2,2,2,2,2,2,2,2
Tfh.,5,8,2,2,3,14,2,49,2,2
Tregs.,2,0,0,8,0,0,3,16,0,0
Tregs.,2,2,0,6,3,14,7,3,0,0
Trm_Th1.Th17.,3,1,1,1,6,1,1,29,1,1
Teffector.EM_CD4.,2,0,0,0,0,12,0,31,2,2
Tem.emra_CD8.,4,4,4,5,5,5,5,36,5,5
Tem.emra_CD8.,4,4,4,5,5,5,5,24,5,5
Cycling.T.NK.,4,4,4,7,3,11,8,40,5,8
Tnaive.CM_CD4.,0,5,5,3,4,8,3,63,3,3
Tem.emra_CD8.,4,4,4,5,5,5,5,24,5,5
Teffector.EM_CD4.,6,7,2,10,3,10,10,40,6,7
Tnaive.CM_CD4.,0,5,5,3,1,6,3,51,3,3
Tnaive.CM_CD4.,0,3,5,3,1,3,6,20,3,3
Tregs.,2,2,0,6,0,7,7,8,0,0
Tem.emra_CD8.,4,4,4,0,0,5,0,31,5,5
Tnaive.CM_CD4.,0,5,3,3,1,3,3,37,3,3
Trm_Th1.Th17.,3,3,1,1,0,1,1,16,1,1
Tem.emra_CD8.,4,4,4,5,5,5,5,45,5,5
Tnaive.CM_CD4.,0,5,5,3,4,8,6,72,3,3
Tfh.,5,8,2,2,2,6,2,32,2,2
Tnaive.CM_CD4.,0,5,5,3,4,6,6,72,3,10
Tfh.,5,8,2,10,2,2,2,28,2,2
Tnaive.CM_CD4.,0,5,5,3,1,6,0,20,3,3
Tregs.,2,2,0,2,2,14,7,60,0,0
Cycling.T.NK.,2,4,4,7,3,11,8,74,5,8
Trm.em_CD8.,6,4,3,10,3,14,10,48,5,6
Tnaive.CM_CD8.,1,6,3,4,1,9,4,51,4,4
Tregs.,2,2,0,6,3,14,7,39,0,0
Teffector.EM_CD4.,6,7,1,2,2,15,2,54,2,2
Trm.em_CD8.,4,4,4,7,5,13,8,36,5,6
Tregs.,2,2,0,6,3,14,7,39,0,0
Tregs.,2,2,0,6,3,7,7,39,0,0
Tregs.,2,0,0,0,0,7,0,10,0,0
Trm_Th1.Th17.,3,1,1,8,6,1,1,71,1,1
Tregs.,2,2,0,6,3,8,7,3,0,0
Tnaive.CM_CD8.,1,6,3,4,6,9,4,12,4,4
Tnaive.CM_CD4.,0,5,5,3,1,8,3,51,3,10
Tnaive.CM_CD8.,1,6,3,4,4,9,6,34,4,4
Tem.emra_CD8.,4,4,4,5,0,5,5,8,5,5
Trm_Th1.Th17.,3,1,1,1,7,1,1,29,1,1
Tem.emra_CD8.,4,4,4,5,5,5,5,38,5,5
Tnaive.CM_CD8.,1,6,3,4,4,4,4,61,4,4
Tem.emra_CD8.,4,0,4,0,0,5,0,31,5,5
Tem.emra_CD8.,4,4,4,5,5,5,5,24,5,5
Tfh.,5,5,2,2,2,2,2,49,2,2
Tnaive.CM_CD8.,1,6,3,4,6,4,4,46,4,4
Tnaive.CM_CD8.,1,6,3,4,4,9,4,61,4,4
Trm_Th1.Th17.,1,3,3,4,4,4,4,5,1,1
Trm_Th1.Th17.,0,5,1,3,1,1,6,7,1,1
Trm_Th1.Th17.,3,1,1,1,7,1,1,23,1,1
Tem.emra_CD8.,4,4,4,5,5,5,5,45,5,5
Tnaive.CM_CD4.,0,5,5,3,1,8,3,9,3,3
Trm.em_CD8.,4,4,4,7,7,5,10,65,5,6
Tregs.,2,2,0,6,3,14,7,39,0,0
Trm_Th1.Th17.,3,1,1,1,7,1,1,48,1,1
Tnaive.CM_CD4.,0,5,5,8,6,8,0,64,3,3
Tnaive.CM_CD8.,1,6,3,3,4,9,4,63,4,4
Tem.emra_CD8.,4,4,4,5,5,5,5,38,5,5
Tfh.,5,8,2,2,2,2,2,32,2,2
Tgd_CRTAM..,4,4,4,7,5,13,8,22,5,6
Tregs.,2,0,0,0,0,7,0,10,0,0
Tnaive.CM_CD4.,0,3,3,3,1,3,3,20,3,3
Tregs.,2,2,0,6,3,14,7,3,0,0
Tnaive.CM_CD4.,2,0,0,3,0,3,0,0,3,10
Tnaive.CM_CD8.,1,6,3,4,4,9,4,34,4,4
Tregs.,2,0,0,3,1,7,7,20,0,0
Tnaive.CM_CD8.,1,6,3,4,4,4,4,5,4,4
Teffector.EM_CD4.,6,7,1,10,7,15,10,35,6,9
Trm_Th1.Th17.,3,1,1,1,6,1,1,58,1,1
Tfh.,5,8,2,2,2,2,2,2,2,2
Tnaive.CM_CD4.,0,5,5,3,4,6,3,73,3,3
Tem.emra_CD8.,4,4,4,7,5,5,8,50,5,5
Tnaive.CM_CD4.,0,5,5,3,1,6,6,51,3,10
Trm_Th1.Th17.,3,1,1,1,7,1,1,23,1,1
Tfh.,5,8,2,2,3,2,2,49,2,2
Tregs.,2,0,0,0,0,0,0,0,0,0
Tfh.,2,0,0,0,0,0,0,0,0,0
Tfh.,5,8,2,2,2,2,2,60,2,2
Tnaive.CM_CD8.,1,6,3,4,4,9,4,14,4,4
Tnaive.CM_CD4.,0,5,5,8,1,6,3,4,3,3
Tnaive.CM_CD8.,1,6,3,4,4,9,4,52,4,4
Tregs.,2,0,0,6,3,7,7,40,0,0
Tnaive.CM_CD8.,1,6,3,4,4,9,4,34,4,4
Tem.emra_CD8.,4,4,4,5,5,5,5,24,5,5
Tnaive.CM_CD8.,1,6,3,4,4,4,4,63,4,4
Tregs.,2,2,0,6,3,14,7,39,0,0
Tem.emra_CD8.,4,4,4,5,5,5,5,45,5,5
Tnaive.CM_CD8.,1,3,3,4,4,4,4,69,4,4
Tnaive.CM_CD8.,1,6,3,4,4,9,4,18,4,4
Tregs.,2,0,0,0,0,0,0,10,0,0
Trm_Th1.Th17.,3,3,1,8,8,1,0,44,1,1
Tgd_CRTAM..,4,4,4,7,5,13,8,22,5,6
Trm_Th1.Th17.,3,5,1,3,6,1,3,64,1,1
Trm_Th1.Th17.,3,1,1,1,7,1,1,58,1,1
Trm_Th1.Th17.,3,1,1,10,7,1,10,56,2,9
Tregs.,2,0,0,0,0,12,0,11,0,0
MAIT.,7,7,6,9,7,10,9,19,6,7
Tnaive.CM_CD4.,0,5,5,3,1,6,3,47,3,3
Tnaive.CM_CD8.,1,6,3,4,1,9,3,51,4,4
Trm_gut_CD8.,6,7,2,10,2,15,10,28,2,9
Tnaive.CM_CD8.,2,0,0,0,0,0,0,42,3,10
Tnaive.CM_CD4.,0,5,5,8,1,6,3,4,3,3
Trm_Th1.Th17.,2,8,0,2,2,12,2,28,2,2
Trm_Th1.Th17.,2,0,0,8,0,1,0,16,1,1
Tregs.,2,0,0,0,0,0,0,42,0,0
Tem.emra_CD8.,4,4,4,5,5,5,5,38,5,5
Tnaive.CM_CD4.,0,5,5,3,4,6,3,14,3,3
Tem.emra_CD8.,4,4,4,5,5,5,5,24,5,5
Trm.em_CD8.,6,4,6,7,5,15,8,6,5,6
Tfh.,2,0,0,0,0,12,0,11,2,2
Trm_Th1.Th17.,1,3,3,4,0,4,4,61,3,10
Trm_Th1.Th17.,3,1,1,1,7,1,2,23,2,2
MAIT.,7,7,6,9,7,10,9,19,6,7
Tem.emra_CD8.,4,4,4,5,5,5,8,22,5,5
Tregs.,2,2,0,6,0,7,7,8,0,0
Trm_Th1.Th17.,3,1,1,2,3,1,2,39,1,1
Trm_Th1.Th17.,3,1,1,1,7,1,1,48,1,1
Tregs.,2,2,0,6,2,14,7,32,0,0
Tfh.,5,8,0,2,2,2,2,32,2,2
Tnaive.CM_CD8.,1,6,3,4,4,9,4,34,4,4
Tnaive.CM_CD8.,1,6,3,4,4,9,4,25,4,4
Tem.emra_CD8.,4,4,4,5,5,5,5,45,5,5
MAIT.,7,7,6,9,5,10,9,15,6,7
Tem.emra_CD8.,4,4,4,5,5,5,5,36,5,5
Tem.emra_CD8.,4,4,4,5,5,5,5,38,5,5
Tnaive.CM_CD8.,1,6,3,4,1,9,4,73,4,4
Tregs.,2,2,0,6,3,14,7,49,0,0
Tnaive.CM_CD8.,1,6,3,4,4,9,4,25,4,4
Tfh.,5,8,2,2,2,2,2,2,2,2
Tfh.,2,0,0,0,0,12,0,11,2,2
Trm.em_CD8.,4,4,1,7,7,13,10,65,5,6
Tregs.,2,2,0,6,3,14,7,3,0,0
Trm_Th1.Th17.,3,1,1,1,7,1,1,48,1,1
Tregs.,2,2,0,6,3,7,7,39,0,0
Tem.emra_CD8.,4,4,4,5,5,5,5,45,5,5
Trm_Th1.Th17.,2,0,0,8,0,0,0,53,1,1
Tnaive.CM_CD4.,0,5,5,3,4,8,6,72,3,10
Tem.emra_CD8.,4,4,4,7,5,5,5,38,5,6
Tem.emra_CD8.,4,4,4,5,5,5,5,33,5,5
Tnaive.CM_CD4.,0,5,5,3,1,8,3,47,3,3
Tem.emra_CD8.,4,4,4,5,5,5,5,45,5,5
Teffector.EM_CD4.,6,7,1,10,7,15,10,19,2,9
Teffector.EM_CD4.,6,7,1,10,7,15,10,35,6,7
Trm_Th1.Th17.,3,3,1,1,6,1,1,52,1,1
Trm_Th1.Th17.,0,5,1,1,1,1,1,7,1,1
Tnaive.CM_CD8.,1,6,3,4,4,9,4,34,4,4
Tnaive.CM_CD4.,0,5,5,3,1,6,3,4,3,3
Tregs.,2,0,0,8,0,0,0,0,0,0
Tnaive.CM_CD4.,0,5,5,3,1,6,3,47,3,3
Tfh.,5,8,2,2,2,2,2,2,2,2
Cycling.T.NK.,4,4,4,7,0,11,8,8,5,8
Tfh.,5,8,2,2,2,2,2,2,2,2
Teffector.EM_CD4.,6,7,1,10,7,15,10,35,6,9
Trm_Th1.Th17.,3,7,1,1,6,1,1,29,1,1
Tnaive.CM_CD8.,1,6,3,4,4,9,4,21,4,4
Tregs.,2,0,0,0,0,12,0,0,0,0
Tnaive.CM_CD8.,1,6,3,4,4,9,4,27,4,4
Tem.emra_CD8.,4,4,4,5,5,5,5,45,5,5
Tregs.,2,2,0,6,3,14,7,49,0,0
Tem.emra_CD8.,4,4,4,5,5,5,5,22,5,5
Tfh.,5,8,2,2,2,2,2,60,2,2
Tregs.,2,0,0,6,0,7,7,16,0,0
Tnaive.CM_CD4.,0,5,5,8,1,4,3,37,3,3
Trm_Th1.Th17.,1,3,0,3,0,0,0,0,4,4
Tnaive.CM_CD4.,0,5,5,3,1,8,3,72,3,3
Tnaive.CM_CD8.,1,3,0,4,4,0,4,69,3,10
Trm_Th1.Th17.,3,1,1,1,6,1,1,62,2,1
Tem.emra_CD8.,4,4,4,5,5,5,5,24,5,5
Tem.emra_CD8.,4,4,4,5,5,5,5,45,5,5
Tnaive.CM_CD4.,0,5,5,3,1,6,3,37,3,3
Trm_Th1.Th17.,3,3,1,1,7,1,1,59,1,1
Tregs.,2,2,0,6,3,14,7,39,0,0
Trm_Th1.Th17.,3,1,1,1,7,1,1,23,1,1
Tnaive.CM_CD8.,1,6,3,4,1,9,4,9,4,4
Trm_Th1.Th17.,3,1,1,10,7,1,10,35,2,9
Tregs.,2,0,0,2,0,12,2,75,2,2
Tem.emra_CD8.,4,4,4,5,5,5,5,33,5,5
Tnaive.CM_CD8.,2,0,3,0,0,0,0,0,4,4
Tnaive.CM_CD8.,1,6,3,4,1,9,4,9,4,4
Tfh.,5,8,2,2,2,2,2,28,2,2
Teffector.EM_CD4.,6,8,2,2,2,15,2,54,2,2
Tnaive.CM_CD8.,1,6,3,4,4,9,4,25,4,4
Tnaive.CM_CD8.,1,6,3,4,4,9,4,27,4,4
Tnaive.CM_CD4.,0,3,3,3,4,4,0,66,3,10
Tfh.,5,8,2,2,2,2,2,2,2,2
Tnaive.CM_CD8.,1,6,3,4,4,9,4,25,4,4
Tnaive.CM_CD4.,2,3,3,8,8,0,4,44,3,3
Tnaive.CM_CD4.,0,3,5,8,4,6,3,73,3,3
Trm_Th1.Th17.,3,3,3,1,0,1,1,16,1,1
Tnaive.CM_CD4.,0,5,5,8,1,8,3,68,3,3
Trm_Th1.Th17.,3,1,1,1,6,1,1,58,1,1
Tregs.,2,2,0,6,3,14,7,39,0,0
Tnaive.CM_CD8.,1,6,3,4,6,9,4,12,4,4
Trm_Th1.Th17.,3,3,1,1,0,12,1,53,1,1
Trm_Th1.Th17.,3,1,1,1,7,1,1,29,1,1
Tgd_CRTAM..,4,4,4,7,5,13,8,22,5,6
Tnaive.CM_CD8.,1,6,3,4,4,9,4,21,4,4
Teffector.EM_CD4.,6,7,1,10,7,15,10,56,6,9
Trm_Th1.Th17.,0,5,1,3,1,1,3,47,1,1
Tem.emra_CD8.,2,3,4,0,0,5,0,8,5,5
Trm_Th1.Th17.,3,1,1,1,6,0,1,46,1,1
Tregs.,2,0,0,6,6,7,7,64,0,0
Teffector.EM_CD4.,6,7,1,10,7,15,10,35,6,9
Tnaive.CM_CD8.,1,6,3,4,4,9,4,67,4,4
Tnaive.CM_CD8.,1,6,3,4,4,9,4,55,4,4
Tnaive.CM_CD4.,0,5,5,3,1,8,3,51,3,3
Trm_Th1.Th17.,3,1,1,3,4,1,3,25,1,1
Trm_Th1.Th17.,3,1,5,3,6,1,3,52,1,1
Tnaive.CM_CD8.,1,6,3,4,4,9,4,21,4,4
Tfh.,2,0,0,0,0,0,0,10,2,2
Tnaive.CM_CD4.,0,3,3,8,8,3,3,44,3,3
Trm_Th1.Th17.,3,1,1,3,7,1,3,29,1,1
Tnaive.CM_CD4.,0,5,5,3,1,8,6,51,3,3
Trm_Th1.Th17.,3,1,1,1,6,1,1,34,1,1
Tnaive.CM_CD8.,1,6,3,4,4,4,4,67,4,4
Teffector.EM_CD4.,6,7,1,7,5,13,10,22,6,9
Tregs.,2,2,0,6,3,14,7,74,0,0
Tnaive.CM_CD4.,0,5,5,3,1,6,6,20,3,10
Tnaive.CM_CD8.,1,6,3,4,6,9,4,52,4,4
Tnaive.CM_CD4.,2,0,0,8,8,3,3,53,3,3
Tnaive.CM_CD8.,1,6,3,4,4,9,4,73,4,4
Tnaive.CM_CD8.,1,6,3,4,4,9,4,61,4,4
Tem.emra_CD8.,4,4,4,5,5,5,5,22,5,5
Trm.em_CD8.,4,4,4,7,5,13,8,22,5,6
Tfh.,5,8,2,2,2,2,2,60,2,2
Teffector.EM_CD4.,6,7,2,10,2,15,2,28,2,9
Teffector.EM_CD4.,6,7,1,7,5,13,10,22,6,9
Tnaive.CM_CD8.,1,6,3,4,6,9,4,52,4,4
Tem.emra_CD8.,4,4,4,7,5,5,8,22,5,5
Tregs.,2,2,0,6,2,7,7,43,0,0
Tnaive.CM_CD4.,0,5,5,3,6,3,3,64,3,3
Teffector.EM_CD4.,6,7,1,10,7,15,10,35,6,9
MAIT.,7,7,6,9,7,10,9,19,6,7
Trm_Th1.Th17.,3,5,1,3,1,6,3,47,3,3
Trm_Th1.Th17.,3,1,1,1,4,1,1,34,1,1
Cycling.T.NK.,4,4,4,7,5,11,8,22,5,8
Trm_Th1.Th17.,3,1,1,1,4,4,1,46,2,1
Teffector.EM_CD4.,6,7,1,10,7,15,10,35,6,9
Tnaive.CM_CD4.,0,5,5,3,1,6,6,7,3,3
Tnaive.CM_CD4.,0,5,5,3,1,3,6,20,3,3
Tregs.,2,2,0,6,3,14,7,39,0,0
Tem.emra_CD8.,4,4,4,5,5,5,5,45,5,5
Tregs.,2,0,0,6,0,7,7,53,0,0
Tem.emra_CD8.,4,4,4,5,5,5,5,33,5,5
Tnaive.CM_CD4.,0,5,5,8,1,6,3,4,3,3
Tnaive.CM_CD4.,0,5,5,3,1,8,3,9,3,3
Tnaive.CM_CD8.,1,6,3,4,4,9,4,72,4,4
Tregs.,2,0,0,6,3,7,7,40,0,0
Tnaive.CM_CD8.,1,0,3,3,1,4,0,20,4,4
Tnaive.CM_CD8.,1,6,3,4,4,4,4,66,4,4
Tfh.,5,8,2,2,2,2,2,60,2,2
Tnaive.CM_CD4.,0,5,5,3,1,8,6,7,3,3
Trm_Th1.Th17.,3,1,1,3,6,1,3,13,1,1
Teffector.EM_CD4.,6,7,1,10,7,10,10,19,6,9
Tnaive.CM_CD4.,0,5,5,3,1,8,3,47,3,3
Tnaive.CM_CD8.,1,6,3,4,4,4,4,25,4,4
Tregs.,2,0,0,3,1,0,6,20,0,0
Tnaive.CM_CD4.,0,5,5,3,1,6,3,4,3,3
Tnaive.CM_CD8.,2,0,0,8,0,0,0,0,1,1
Tnaive.CM_CD8.,1,6,3,4,4,4,4,67,4,4
Tnaive.CM_CD8.,1,6,3,4,0,9,4,11,4,4
Trm_Th1.Th17.,3,3,3,1,4,0,1,5,1,1
Tnaive.CM_CD8.,1,6,3,3,1,4,4,1,4,4
Tnaive.CM_CD8.,1,6,3,4,4,9,4,14,4,4
Tem.emra_CD8.,4,4,4,5,5,5,5,15,5,5
Tregs.,2,2,0,6,3,14,7,39,0,0
Tnaive.CM_CD4.,0,5,5,8,6,0,3,64,3,3
Tnaive.CM_CD4.,0,5,5,3,1,6,6,51,3,3
Tregs.,2,0,0,6,3,7,7,74,0,0
Tem.emra_CD8.,4,4,4,5,5,5,5,36,5,5
Tnaive.CM_CD8.,1,6,3,4,4,9,4,17,4,4
Tnaive.CM_CD4.,0,5,3,3,4,3,3,41,3,3
Tnaive.CM_CD4.,0,5,5,8,1,6,3,4,3,3
Tnaive.CM_CD4.,0,5,5,3,4,6,3,61,3,3
Tnaive.CM_CD8.,1,6,3,4,4,9,4,25,4,4
Trm_Th1.Th17.,3,1,1,1,4,1,1,34,1,1
Teffector.EM_CD4.,6,8,1,10,2,15,2,28,2,9
Tnaive.CM_CD4.,0,5,5,3,1,8,3,68,3,3
Tnaive.CM_CD8.,1,6,3,4,4,4,4,67,4,4
MAIT.,7,7,6,9,7,10,9,19,6,7
Tnaive.CM_CD8.,1,6,3,4,4,9,4,14,4,4
Trm.em_CD8.,4,4,4,5,7,13,5,23,5,6
Tnaive.CM_CD8.,1,6,3,4,6,9,4,52,4,4
Tnaive.CM_CD8.,1,6,3,4,4,9,4,27,4,4
Tnaive.CM_CD4.,0,3,3,8,1,3,0,37,3,3
MAIT.,7,7,6,9,7,10,9,65,6,7
Tnaive.CM_CD8.,1,6,3,4,4,9,4,73,4,4
Tnaive.CM_CD4.,0,5,5,3,4,8,3,14,3,3
Tnaive.CM_CD4.,0,5,3,8,1,6,3,37,3,3
Tfh.,5,8,2,2,2,2,2,60,2,2
Tem.emra_CD8.,4,4,4,5,5,5,5,36,5,5
Trm_gut_CD8.,6,7,2,10,2,2,10,28,2,2
Trm.em_CD8.,6,4,1,10,7,15,10,35,6,6
Tregs.,2,0,1,8,0,0,0,16,0,0
Tregs.,2,2,0,6,3,14,7,39,0,0
Tregs.,2,0,0,0,0,0,0,42,0,0
Tem.emra_CD8.,4,4,4,5,5,5,5,38,5,5
Tregs.,2,2,0,6,3,14,7,3,0,0
Trm_Th1.Th17.,2,3,1,8,8,9,3,44,1,1
Tnaive.CM_CD8.,1,3,3,1,6,4,4,62,6,9
Tnaive.CM_CD8.,1,6,3,4,4,9,4,67,4,4
Tfh.,5,8,2,2,2,2,2,54,2,2
Tem.emra_CD8.,4,4,4,5,5,5,5,33,5,5
Tnaive.CM_CD8.,1,6,3,4,4,4,4,25,4,4
Trm_Th1.Th17.,3,1,1,1,4,1,1,18,1,1
Tnaive.CM_CD8.,1,6,3,4,4,9,4,13,4,4
Tregs.,2,0,0,0,0,7,0,0,0,0
Trm_Th1.Th17.,3,1,1,1,7,1,1,23,1,1
Trm_Th1.Th17.,2,0,1,8,0,1,3,16,1,1
Tregs.,2,2,0,6,2,14,7,32,0,0
Tnaive.CM_CD8.,1,6,3,4,4,9,4,34,4,4
Tregs.,2,2,0,6,3,14,7,49,0,0
Tnaive.CM_CD4.,0,5,5,3,1,8,3,73,3,3
Trm_Th1.Th17.,3,1,1,1,6,1,1,52,1,1
Tfh.,2,0,2,6,6,7,7,59,0,3
Trm_Th1.Th17.,0,0,3,8,0,4,3,16,1,1
Tregs.,2,0,0,6,0,7,7,8,0,0
Tfh.,5,8,2,2,2,2,2,54,2,2
Trm_Th1.Th17.,3,1,1,1,6,1,1,62,1,1
Tfh.,5,8,2,2,2,2,2,60,2,2
Trm_Th1.Th17.,2,0,0,0,0,12,0,11,2,2
T_CD4.CD8.,5,8,1,6,6,1,3,52,0,3
Tnaive.CM_CD8.,1,6,3,3,6,4,3,52,4,4
Tnaive.CM_CD4.,0,5,3,3,1,3,3,4,3,3
Tgd_CRTAM..,4,4,4,7,5,13,8,22,5,6
Tem.emra_CD8.,4,4,4,5,5,5,5,24,5,5
Tnaive.CM_CD4.,0,6,5,3,4,4,4,66,3,10
Tnaive.CM_CD8.,1,6,3,4,4,9,4,21,4,4
Tregs.,2,0,0,6,3,7,7,59,0,0
Tfh.,5,8,2,2,2,2,2,2,2,2
Tgd_CRTAM..,4,4,4,7,5,13,8,6,5,6
Tnaive.CM_CD4.,0,5,5,3,1,6,6,51,3,10
Tnaive.CM_CD8.,1,6,3,4,4,4,4,61,4,4
Trm_Th1.Th17.,0,3,3,3,6,1,3,30,3,3
Tnaive.CM_CD8.,1,3,3,3,4,4,3,73,4,4
Tnaive.CM_CD8.,1,6,3,4,6,9,4,70,4,4
Tnaive.CM_CD4.,0,5,5,3,6,8,3,18,3,3
Tnaive.CM_CD4.,2,0,0,0,0,0,0,42,3,10
Trm_Th1.Th17.,3,1,1,1,6,1,1,30,1,1
Tregs.,2,0,0,0,0,12,0,11,2,2
Cycling.T.NK.,4,4,4,7,5,11,8,22,5,8
Tnaive.CM_CD4.,0,5,5,3,4,6,3,14,3,3
Tnaive.CM_CD8.,2,0,3,8,4,0,4,37,4,4
Tnaive.CM_CD4.,0,5,5,8,1,8,3,4,3,3
Tfh.,5,8,2,2,2,2,2,43,2,2
Tnaive.CM_CD4.,0,3,3,3,1,3,3,4,3,3
Tregs.,2,0,0,6,0,12,0,75,0,0
Tnaive.CM_CD4.,0,5,5,3,1,6,6,7,3,3
MAIT.,7,7,6,9,7,10,9,19,6,7
Trm_Th1.Th17.,3,1,1,1,4,1,1,34,1,1
Tnaive.CM_CD8.,1,6,3,4,4,9,4,57,4,4
Tfh.,5,8,2,2,2,2,2,60,2,2
Tnaive.CM_CD4.,1,3,3,8,1,3,3,37,3,3
Trm_Th1.Th17.,3,1,1,1,7,9,1,54,2,2
Trm_Th1.Th17.,3,1,1,1,6,1,1,71,1,1
Tnaive.CM_CD4.,2,3,3,8,8,3,3,57,3,3
Trm_Th1.Th17.,3,1,1,1,6,1,1,71,1,1
Trm_Th1.Th17.,3,1,1,1,6,1,1,30,1,1
Tem.emra_CD8.,4,4,4,5,5,5,5,36,5,5
Tfh.,5,8,2,2,2,2,2,28,2,2
Tnaive.CM_CD4.,0,5,5,8,6,6,3,64,3,3
Tnaive.CM_CD4.,0,5,5,3,1,6,3,47,3,10
Tem.emra_CD8.,4,4,4,7,5,5,8,8,5,5
Tnaive.CM_CD8.,1,6,3,4,6,4,4,4,4,4
Tnaive.CM_CD4.,0,5,2,3,1,8,3,7,3,3
Tnaive.CM_CD4.,0,3,0,8,0,0,0,16,4,3
Tem.emra_CD8.,4,4,4,5,5,5,5,33,5,5
MAIT.,7,7,6,9,7,10,9,19,6,7
Tfh.,5,8,2,2,2,2,2,2,2,2
Tregs.,2,0,0,8,0,7,0,16,0,0
Tnaive.CM_CD8.,1,6,3,4,4,9,4,18,4,4
Trm_Th1.Th17.,3,1,1,1,6,1,1,52,1,1
Teffector.EM_CD4.,6,7,1,10,7,15,10,35,6,9
Trm_Th1.Th17.,0,0,1,3,0,7,3,16,1,1
Tnaive.CM_CD4.,0,5,5,3,4,6,3,73,3,10
Tnaive.CM_CD8.,1,6,3,4,4,9,4,14,4,4
Trm_Th1.Th17.,3,3,1,4,4,4,4,5,1,1
Tfh.,2,0,0,0,0,0,0,11,2,2
Tem.emra_CD8.,4,4,4,5,5,5,5,6,5,5
Tnaive.CM_CD8.,1,6,3,4,4,9,4,63,4,4
Tregs.,2,2,0,6,3,14,7,39,0,0
Tnaive.CM_CD8.,1,6,3,4,4,9,4,5,4,4
Tnaive.CM_CD4.,0,5,5,3,1,6,3,47,3,3
Trm_Th1.Th17.,2,3,0,3,0,4,3,53,1,1
Tnaive.CM_CD4.,0,5,5,3,1,6,3,20,3,10
Tfh.,5,8,2,2,2,2,2,60,2,2
Tnaive.CM_CD4.,0,3,0,8,8,3,0,44,3,3
Tnaive.CM_CD8.,1,3,3,4,4,0,4,61,4,4
Tnaive.CM_CD8.,1,6,3,4,4,9,4,34,4,4
Tfh.,5,8,2,2,3,2,2,49,2,2
Tem.emra_CD8.,4,4,4,5,5,5,5,33,5,5
Tnaive.CM_CD4.,0,5,5,3,4,8,3,41,3,3
Tregs.,2,0,0,1,3,7,1,3,0,0
Tnaive.CM_CD8.,1,6,3,4,4,9,4,14,4,4
Tnaive.CM_CD8.,1,6,3,4,4,4,4,66,4,4
Trm.em_CD8.,2,7,1,1,7,1,1,23,5,6
Tnaive.CM_CD4.,0,3,3,3,4,3,3,41,3,3
Tfh.,2,0,0,0,0,12,0,11,2,2
Tgd_CRTAM..,4,4,6,7,5,5,8,6,5,6
Trm_Th1.Th17.,3,3,1,8,7,1,3,29,1,1
Tnaive.CM_CD8.,1,6,3,4,4,4,4,34,4,4
Trm_Th1.Th17.,3,1,1,1,6,1,1,54,1,1
MAIT.,7,7,6,9,7,10,9,35,6,7
Cycling.T.NK.,4,4,4,7,5,11,8,22,5,8
MAIT.,7,7,6,9,5,10,9,15,6,7
Trm_Th1.Th17.,0,5,1,3,1,1,3,4,1,1
Tnaive.CM_CD4.,0,5,5,3,4,8,6,72,3,3
Tem.emra_CD8.,4,4,4,5,5,5,5,24,5,5
Tregs.,2,0,0,6,0,7,7,10,0,0
Tnaive.CM_CD4.,0,5,5,3,1,8,6,7,3,3
Trm_Th1.Th17.,3,1,1,1,6,1,1,13,1,1
Tnaive.CM_CD4.,0,3,5,8,1,6,3,4,3,3
Tfh.,5,8,2,2,2,2,2,2,2,2
Tnaive.CM_CD4.,0,5,5,3,1,6,3,51,3,3
Tnaive.CM_CD4.,0,5,5,3,1,6,3,68,3,3
Tnaive.CM_CD4.,0,5,5,3,4,6,3,41,3,10
Tem.emra_CD8.,4,4,4,5,5,5,5,36,5,5
Tnaive.CM_CD8.,1,6,3,4,4,9,4,34,4,4
Tnaive.CM_CD4.,0,5,5,3,4,8,6,41,3,3
Tnaive.CM_CD8.,1,6,3,4,4,4,4,21,4,4
Tem.emra_CD8.,4,4,4,5,5,5,5,36,5,5
Tregs.,2,0,3,6,6,12,7,76,0,0
Tnaive.CM_CD8.,1,3,3,4,4,4,4,73,4,4
Tnaive.CM_CD8.,1,6,3,4,4,4,4,21,4,4
Tnaive.CM_CD4.,0,5,5,3,4,8,3,55,3,3
Tnaive.CM_CD8.,1,6,3,4,6,9,1,12,4,4
Tnaive.CM_CD4.,1,3,3,8,8,4,3,57,3,3
Tnaive.CM_CD8.,1,6,3,4,4,9,4,27,4,4
Tem.emra_CD8.,4,4,4,5,5,5,5,38,5,5
Tem.emra_CD8.,4,4,4,5,5,5,5,24,5,5
Tnaive.CM_CD4.,1,3,3,8,4,4,4,5,3,3
Tnaive.CM_CD8.,1,6,3,4,8,4,4,57,4,4
Tnaive.CM_CD4.,0,3,5,3,4,3,3,61,3,3
Tem.emra_CD8.,4,4,4,5,5,5,5,33,5,5
Tnaive.CM_CD8.,1,6,3,4,4,9,4,25,4,4
Tnaive.CM_CD4.,2,0,3,0,0,0,0,69,3,3
Tnaive.CM_CD8.,1,6,3,4,4,4,4,63,4,4
Tem.emra_CD8.,4,4,4,5,5,5,5,33,5,5
Trm_Th1.Th17.,3,1,1,1,7,1,1,48,1,1
MAIT.,7,7,6,9,7,10,9,19,6,7
Tnaive.CM_CD8.,1,6,3,4,6,9,4,70,4,4
Tregs.,2,2,0,6,3,14,7,74,0,0
Tnaive.CM_CD8.,1,3,3,4,4,4,4,67,4,4
Tem.emra_CD8.,4,4,4,5,5,5,5,38,5,5
MAIT.,7,7,6,9,7,10,9,19,6,7
Tnaive.CM_CD4.,0,5,5,3,1,8,3,9,3,3
Trm_Th1.Th17.,3,1,1,3,6,1,1,52,1,1
Tregs.,2,2,0,6,3,14,7,40,0,0
Tnaive.CM_CD8.,1,6,3,4,4,9,4,14,4,4
Tfh.,5,8,2,2,2,2,2,60,2,2
Trm_Th1.Th17.,0,3,1,3,4,4,3,17,1,1
Tnaive.CM_CD4.,0,5,5,3,4,6,6,72,3,10
Tem.emra_CD8.,4,4,4,5,5,5,5,50,5,5
MAIT.,6,7,6,10,7,10,10,56,6,7
Tregs.,2,2,0,6,3,14,7,40,0,0
Tnaive.CM_CD8.,2,3,3,4,8,4,4,69,4,4
Teffector.EM_CD4.,6,7,1,10,6,10,10,62,6,9
Trm_Th1.Th17.,3,1,1,1,7,1,1,29,1,1
Tnaive.CM_CD4.,0,5,5,3,4,8,3,41,3,3
Tnaive.CM_CD4.,0,5,5,3,1,8,3,68,3,3
Tregs.,2,0,0,0,0,12,0,11,6,9
Tregs.,2,2,0,6,3,14,7,39,0,0
Tnaive.CM_CD8.,1,3,3,8,6,4,4,63,4,4
Tnaive.CM_CD8.,1,6,3,4,6,9,4,12,4,4
Tnaive.CM_CD8.,1,6,3,4,4,9,4,14,4,4
Tnaive.CM_CD8.,2,0,1,4,0,12,7,53,0,0
Tem.emra_CD8.,4,4,4,5,5,5,5,50,5,5
Tem.emra_CD8.,4,4,4,5,5,5,5,38,5,5
Trm.em_CD8.,4,4,1,7,7,10,10,65,5,6
Trm_Th1.Th17.,0,3,5,3,1,8,3,37,1,1
Trm_Th1.Th17.,3,3,1,3,6,1,3,71,1,1
Tnaive.CM_CD4.,0,3,3,3,1,3,3,37,3,3
Tnaive.CM_CD4.,0,5,5,3,1,8,6,7,3,3
Tnaive.CM_CD4.,0,5,5,3,4,8,3,17,3,3
Tem.emra_CD8.,4,4,4,5,5,5,5,22,5,5
Trm_Th1.Th17.,2,0,1,8,0,0,1,16,1,1
Tnaive.CM_CD4.,0,3,3,8,8,4,3,57,3,3
Teffector.EM_CD4.,6,7,2,10,7,15,10,56,6,9
Trm_Th1.Th17.,3,5,1,1,6,1,1,13,1,1
Tnaive.CM_CD4.,0,5,5,8,1,6,3,47,3,3
Tregs.,2,0,0,4,0,0,4,5,0,0
Tnaive.CM_CD4.,0,5,5,3,1,8,3,68,3,3
Tnaive.CM_CD8.,1,3,3,8,8,3,3,57,4,4
Tem.emra_CD8.,4,4,4,5,5,5,5,36,5,5
Trm_Th1.Th17.,3,1,1,1,4,1,1,61,1,1
Trm_Th1.Th17.,3,1,1,1,6,1,1,29,1,1
Tnaive.CM_CD4.,0,5,5,3,4,6,6,20,3,10
Trm_Th1.Th17.,3,1,1,1,6,1,1,71,1,1
Tregs.,2,0,0,0,0,0,0,42,2,2
Tfh.,5,8,2,2,3,2,2,49,2,2
Tregs.,2,2,0,6,3,14,7,40,0,0
Tnaive.CM_CD4.,0,5,5,3,1,6,3,73,3,3
Tem.emra_CD8.,4,4,4,5,5,5,5,33,5,5
Tnaive.CM_CD4.,0,5,5,3,1,8,3,7,3,3
Trm_Th1.Th17.,3,3,3,3,0,3,3,5,3,1
Tregs.,2,0,0,6,7,7,7,59,0,0
Tnaive.CM_CD8.,1,6,3,4,4,9,4,14,4,4
Tregs.,2,0,0,6,0,0,7,10,0,0
Tregs.,2,0,0,6,3,7,7,74,0,0
Tem.emra_CD8.,4,4,4,5,5,5,5,45,5,5
Tnaive.CM_CD4.,0,5,5,3,1,6,3,47,3,3
Trm_Th1.Th17.,3,1,1,1,6,1,1,30,1,1
Tem.emra_CD8.,4,4,4,5,5,5,5,33,5,5
Tgd_CRTAM..,4,4,4,7,5,13,8,22,5,6
Tfh.,5,8,2,2,2,2,2,43,2,2
Tnaive.CM_CD8.,1,6,3,4,1,9,4,51,4,4
Trm_Th1.Th17.,3,1,1,1,6,1,1,62,1,1
Tem.emra_CD8.,4,4,4,5,5,5,5,36,5,5
Tem.emra_CD8.,4,4,4,5,5,13,5,22,5,5
Tregs.,2,0,0,6,3,7,7,40,0,0
Tnaive.CM_CD4.,0,3,3,3,4,4,3,17,3,3
Tnaive.CM_CD4.,0,5,5,3,4,8,3,14,3,3
Tnaive.CM_CD8.,1,6,3,4,4,4,4,55,4,4
Tfh.,2,0,0,0,0,0,0,31,2,2
Tnaive.CM_CD8.,1,6,3,4,4,9,4,34,4,4
Tnaive.CM_CD8.,1,6,3,4,8,4,4,57,4,4
Trm_Th1.Th17.,3,3,1,1,6,1,1,59,1,1
Tnaive.CM_CD8.,1,6,3,4,4,9,4,27,4,4
Trm_Th1.Th17.,3,3,1,3,4,1,3,18,1,1
Tem.emra_CD8.,4,4,4,7,5,5,0,8,5,6
Tnaive.CM_CD8.,1,6,3,4,4,0,4,61,4,4
Teffector.EM_CD4.,5,0,1,2,6,2,2,52,2,2
Tnaive.CM_CD4.,0,5,5,3,4,8,6,27,3,3
Tnaive.CM_CD8.,1,6,3,4,6,9,4,70,4,4
Tregs.,2,0,1,6,6,7,7,59,0,0
Tnaive.CM_CD4.,0,5,5,3,4,8,3,17,3,3
Tem.emra_CD8.,4,4,4,5,5,5,5,22,5,5
Tnaive.CM_CD4.,0,3,3,8,8,3,3,57,3,3
Tnaive.CM_CD8.,1,6,3,4,1,9,4,37,4,4
MAIT.,7,7,6,9,7,10,9,35,6,7
Tem.emra_CD8.,4,4,4,5,5,5,5,8,5,5
Tregs.,0,5,0,6,6,8,7,76,0,0
Tregs.,2,2,0,6,3,14,7,74,0,0
Tem.emra_CD8.,4,4,4,5,5,5,5,45,5,5
Tnaive.CM_CD4.,0,5,5,3,1,8,3,7,3,3
Tfh.,5,8,2,2,2,2,2,28,2,2
Tregs.,2,0,0,8,8,0,0,44,0,0
Tregs.,2,0,0,0,0,0,0,0,0,0
Tregs.,2,0,0,6,6,7,7,43,0,0
Tem.emra_CD8.,4,4,4,5,5,5,5,33,5,5
Tnaive.CM_CD4.,0,5,5,3,4,6,6,72,3,10
Tregs.,2,2,0,6,3,14,7,40,0,0
Tregs.,2,2,0,6,3,14,7,49,0,0
Trm_Th1.Th17.,3,1,1,1,6,1,1,58,1,1
Tfh.,5,8,2,2,2,2,2,60,2,2
Tnaive.CM_CD4.,0,3,5,3,1,8,3,68,3,3
Tregs.,2,2,0,6,0,7,7,8,0,0
Trm_Th1.Th17.,3,1,1,1,7,1,1,23,1,1
Tregs.,2,0,0,8,0,0,3,16,0,0
Tnaive.CM_CD4.,0,5,5,3,1,6,3,9,3,3
Trm_Th1.Th17.,3,5,1,3,4,1,3,67,1,1
Tregs.,2,2,0,6,2,7,7,2,0,0
Tnaive.CM_CD8.,1,6,3,4,1,4,4,52,4,4
Tnaive.CM_CD4.,0,5,5,3,1,6,3,51,3,3
Tregs.,2,2,0,6,3,14,7,40,0,0
Tregs.,2,0,0,6,0,0,7,10,0,0
Tnaive.CM_CD4.,0,3,3,3,1,8,3,47,3,3
Tfh.,5,8,2,2,3,2,2,59,2,2
Tnaive.CM_CD8.,1,3,3,4,6,8,4,70,4,4
Trm_Th1.Th17.,3,3,1,3,1,1,3,4,1,1
Tnaive.CM_CD4.,0,5,5,3,1,6,3,9,3,3
Tnaive.CM_CD8.,1,6,3,4,4,4,4,73,4,4
Tfh.,5,8,2,2,2,2,2,60,2,2
Tfh.,2,0,0,2,0,12,2,75,2,2
MAIT.,7,7,6,9,7,10,9,65,6,7
Tnaive.CM_CD8.,1,6,3,8,8,4,3,57,4,4
Tnaive.CM_CD8.,1,6,3,4,6,4,4,46,4,4
Tregs.,2,0,0,2,0,7,2,10,0,0
Tfh.,5,8,2,2,2,2,2,2,2,2
Tnaive.CM_CD4.,0,5,5,3,1,6,6,20,3,10
Tnaive.CM_CD8.,1,6,3,4,4,4,4,25,4,4
Tnaive.CM_CD8.,1,6,3,4,1,9,4,14,4,4
Tfh.,5,8,2,2,2,1,2,76,2,2
Tnaive.CM_CD4.,0,5,5,1,4,8,1,52,3,3
Tnaive.CM_CD8.,1,6,3,8,6,9,4,12,4,4
Cycling.T.NK.,4,4,4,7,3,11,8,40,5,8
Tnaive.CM_CD4.,0,5,5,3,6,4,3,52,3,3
Tnaive.CM_CD8.,1,6,3,4,1,9,4,1,4,4
Tnaive.CM_CD4.,0,5,5,8,1,6,3,4,3,3
Tem.emra_CD8.,4,4,4,5,5,5,5,6,5,5
Tfh.,5,8,2,2,2,2,2,2,2,2
Tnaive.CM_CD8.,1,6,3,4,6,4,4,64,4,4
Tnaive.CM_CD8.,1,6,3,4,4,9,4,67,4,4
Tfh.,5,8,2,2,2,2,2,60,2,2
Tnaive.CM_CD4.,0,5,5,3,1,8,3,68,3,3
Tnaive.CM_CD4.,0,5,5,3,1,8,3,9,3,3
Tnaive.CM_CD8.,1,6,3,4,4,9,4,34,4,4
Tregs.,2,0,0,0,0,12,0,11,2,2
Tnaive.CM_CD8.,1,6,3,4,4,0,4,61,4,4
Tnaive.CM_CD4.,0,5,5,3,6,9,3,70,3,3
Tnaive.CM_CD8.,1,6,3,4,4,4,4,61,4,4
Tfh.,5,8,2,2,2,2,2,54,2,2
Tnaive.CM_CD8.,1,6,3,4,4,9,4,27,4,4
Teffector.EM_CD4.,6,7,2,10,7,15,10,54,2,2
Tnaive.CM_CD8.,1,6,3,4,4,4,4,25,4,4
Tnaive.CM_CD4.,0,5,5,3,1,8,3,9,3,3
Tem.emra_CD8.,4,4,4,5,5,5,5,38,5,5
Trm_gut_CD8.,6,7,2,10,2,15,10,28,2,2
Trm_Th1.Th17.,3,1,1,1,6,1,1,62,1,1
Trm_Th1.Th17.,3,1,1,1,6,1,1,59,1,1
Tfh.,5,8,2,2,2,2,2,60,2,2
Tnaive.CM_CD8.,1,6,3,4,4,4,4,37,4,4
Teffector.EM_CD4.,6,7,1,10,7,15,10,23,6,9
Tnaive.CM_CD4.,0,3,3,3,4,3,3,66,3,3
Trm_Th1.Th17.,3,8,3,1,6,1,1,62,2,1
Tnaive.CM_CD4.,0,5,5,3,4,6,6,72,3,10
Tnaive.CM_CD4.,0,5,5,3,1,8,6,1,3,3
MAIT.,7,7,6,9,7,10,9,19,6,7
Trm_Th1.Th17.,3,1,1,1,6,1,1,62,1,1
Tnaive.CM_CD8.,1,6,3,4,1,6,4,73,4,4
Tnaive.CM_CD4.,0,5,5,3,1,6,6,51,3,3
Tem.emra_CD8.,4,4,4,7,5,5,8,50,5,5
Tregs.,2,2,0,2,2,14,2,2,0,0
Trm_Th1.Th17.,0,6,3,4,4,0,4,5,1,1
Tnaive.CM_CD4.,0,5,5,8,6,6,3,64,3,3
Tnaive.CM_CD8.,1,3,3,4,4,4,4,73,4,4
Tfh.,5,8,2,2,2,2,2,54,2,2
Tnaive.CM_CD8.,1,6,3,4,4,9,4,14,4,4
Trm_Th1.Th17.,3,6,1,1,4,1,4,67,1,1
Tnaive.CM_CD8.,1,6,3,4,4,4,4,66,4,4
Tnaive.CM_CD8.,1,6,3,4,4,9,4,25,4,4
Tregs.,2,2,0,6,3,14,7,39,0,0
Tnaive.CM_CD8.,1,6,3,4,4,9,4,73,4,4
Trm_Th1.Th17.,1,3,0,0,0,0,0,0,3,10
Tnaive.CM_CD4.,0,5,5,3,4,8,3,41,3,3
Tnaive.CM_CD4.,0,5,5,3,1,8,3,51,3,3
Tnaive.CM_CD4.,0,5,5,3,4,8,6,72,3,3
Trm_Th1.Th17.,2,0,1,8,8,0,0,44,1,1
Tregs.,2,2,0,6,3,12,7,49,0,0
Tnaive.CM_CD8.,1,6,3,4,4,9,4,21,4,4
Tnaive.CM_CD4.,0,5,5,3,1,8,3,73,3,3
Trm.em_CD8.,4,4,4,7,5,13,8,22,5,6
Trm_Th1.Th17.,3,1,5,3,1,8,3,7,1,1
Tregs.,2,0,0,0,0,7,0,16,0,0
Tem.emra_CD8.,4,4,4,5,5,5,5,22,5,5
Tregs.,2,2,0,6,3,14,7,40,0,0
Tgd_CRTAM..,4,4,4,7,5,13,8,15,5,6
Tfh.,5,8,2,2,2,2,2,60,2,2
Trm.em_CD8.,4,4,4,7,5,13,8,22,5,6
Tnaive.CM_CD4.,0,5,5,8,1,6,3,4,3,3
Tregs.,2,2,0,6,3,8,7,3,0,0
Tregs.,2,2,0,2,2,2,2,2,0,0
Tnaive.CM_CD8.,1,6,3,4,4,9,4,14,4,4
Tnaive.CM_CD4.,0,5,5,3,1,6,3,20,3,10
Tem.emra_CD8.,4,4,4,5,5,5,5,24,5,5
Tem.emra_CD8.,4,4,4,5,5,5,5,45,5,5
Tnaive.CM_CD4.,0,5,3,3,1,8,3,4,3,3
Tem.emra_CD8.,4,4,4,5,5,5,5,6,5,5
Tfh.,5,8,2,2,2,2,2,60,2,2
Tnaive.CM_CD4.,0,5,5,3,1,6,6,51,3,3
Tnaive.CM_CD8.,1,6,3,4,4,9,4,67,4,4
Tregs.,2,0,0,2,0,12,2,53,0,0
Tnaive.CM_CD8.,1,3,3,8,6,4,4,46,4,4
Tnaive.CM_CD4.,0,5,5,3,4,6,6,72,3,10
Tregs.,2,2,0,6,3,14,7,49,0,0
Tnaive.CM_CD4.,0,3,5,3,4,3,3,5,3,3
Trm_Th1.Th17.,3,1,1,1,3,1,1,3,1,1
Tfh.,5,8,0,2,0,0,2,75,2,2
Tregs.,2,2,0,6,3,14,7,39,0,0
Tregs.,2,2,0,6,7,14,7,59,0,0
Tnaive.CM_CD4.,0,3,3,8,4,3,0,66,3,3
Tfh.,5,8,2,2,2,2,2,60,2,2
Tem.emra_CD8.,4,4,4,5,5,5,5,50,5,5
Teffector.EM_CD4.,3,3,1,1,7,12,1,26,2,2
Tnaive.CM_CD4.,0,3,3,8,1,3,3,37,3,3
Tnaive.CM_CD4.,0,5,5,3,1,8,3,9,3,3
Tnaive.CM_CD4.,0,5,5,3,1,8,3,47,3,3
Tgd_CRTAM..,4,4,4,7,5,13,8,22,5,6
Tnaive.CM_CD8.,1,6,3,4,4,9,4,27,4,4
Tnaive.CM_CD4.,0,5,5,3,1,6,3,51,3,3
Tnaive.CM_CD4.,0,5,5,8,1,8,3,51,3,3
Tem.emra_CD8.,4,4,4,5,5,5,5,24,5,5
Tnaive.CM_CD8.,1,6,3,4,6,9,4,46,4,4
Tnaive.CM_CD8.,1,3,3,4,7,3,4,29,4,4
Tnaive.CM_CD8.,1,6,3,4,4,9,4,67,4,4
Tregs.,2,0,0,6,2,6,7,32,0,1
Tnaive.CM_CD8.,1,6,3,4,4,9,4,27,4,4
Trm_Th1.Th17.,3,1,1,1,6,1,1,62,1,1
Tfh.,5,8,2,2,7,2,2,48,2,2
Tem.emra_CD8.,4,4,4,5,5,5,5,45,5,5
Tnaive.CM_CD4.,0,5,5,3,1,8,3,9,3,3
Tnaive.CM_CD8.,1,3,3,4,1,4,4,37,4,4
Tnaive.CM_CD4.,0,5,5,3,4,8,3,17,3,3
Tregs.,2,2,0,6,3,2,7,39,0,0
Tregs.,2,0,0,6,0,7,7,76,0,0
Tnaive.CM_CD8.,1,6,3,4,4,9,4,34,4,4
Tregs.,2,0,0,3,4,0,7,69,0,0
Tem.emra_CD8.,4,4,4,5,5,5,5,36,5,5
Tem.emra_CD8.,4,4,4,5,5,5,5,6,5,5
Tem.emra_CD8.,4,4,4,7,5,5,5,15,5,5
Tnaive.CM_CD8.,1,6,3,4,4,9,4,67,4,4
Tnaive.CM_CD4.,0,5,5,3,4,8,3,63,3,3
Trm_Th1.Th17.,3,1,1,8,6,1,1,71,1,1
Tnaive.CM_CD8.,1,6,3,4,1,9,4,1,4,4
Tnaive.CM_CD4.,0,5,5,3,4,6,6,18,3,10
Tgd_CRTAM..,4,4,4,7,5,13,8,22,5,6
Tem.emra_CD8.,4,4,4,5,5,5,5,45,5,5
Tnaive.CM_CD4.,0,5,5,3,1,6,3,47,3,3
Trm_Th1.Th17.,3,1,1,1,7,1,1,23,1,1
Tnaive.CM_CD4.,0,5,5,3,4,6,3,73,3,3
Tnaive.CM_CD4.,0,5,5,3,4,6,3,18,3,10
Tgd_CRTAM..,4,4,4,7,5,13,8,6,5,6
Tem.emra_CD8.,4,4,4,5,5,5,5,36,5,5
Tnaive.CM_CD8.,1,6,3,4,4,9,4,63,4,4
Trm_Th1.Th17.,3,1,1,1,4,1,1,34,1,1
Tfh.,5,8,2,2,2,2,2,2,2,2
Trm_Th1.Th17.,3,3,1,8,6,1,4,44,1,1
MAIT.,7,7,6,9,7,10,9,19,6,7
Tnaive.CM_CD4.,0,0,0,8,8,3,0,44,3,3
Tnaive.CM_CD4.,0,5,5,3,4,6,3,25,3,3
Tgd_CRTAM..,4,4,4,7,5,13,8,22,5,6
Trm_Th1.Th17.,0,3,0,1,0,7,1,11,2,10
Tnaive.CM_CD4.,0,5,5,3,4,6,3,63,3,3
Tnaive.CM_CD8.,1,6,3,4,1,9,4,14,4,4
Tnaive.CM_CD8.,1,6,3,8,6,4,4,71,4,4
MAIT.,7,7,6,9,7,10,9,19,6,7
Tregs.,2,2,0,6,2,14,2,2,0,0
Tfh.,5,8,2,2,2,2,2,60,2,2
Trm.em_CD8.,4,4,4,7,5,13,8,36,5,6
Tnaive.CM_CD8.,1,6,3,4,4,9,4,14,4,4
Tnaive.CM_CD8.,1,6,3,4,4,9,4,34,4,4
Teffector.EM_CD4.,6,7,6,10,6,10,10,29,6,9
Tregs.,2,0,0,6,2,7,7,43,0,0
Tnaive.CM_CD4.,0,3,3,8,8,3,3,57,3,3
Trm_Th1.Th17.,3,1,1,1,3,1,1,3,1,1
Tregs.,2,0,0,6,0,7,7,8,0,0
Tnaive.CM_CD4.,0,3,3,0,4,0,0,66,3,10
Trm_Th1.Th17.,3,1,3,3,4,4,3,46,2,1
Tregs.,3,3,0,8,0,7,3,16,1,1
Tnaive.CM_CD8.,1,6,3,2,7,9,2,54,2,2
Tnaive.CM_CD4.,0,3,3,3,1,8,3,70,3,3
Tnaive.CM_CD8.,1,6,3,4,4,9,4,34,4,4
Tnaive.CM_CD8.,1,6,3,4,4,9,4,72,3,10
Tnaive.CM_CD8.,1,3,3,4,4,4,4,69,4,4
Tfh.,5,0,0,2,0,12,2,53,2,2
Trm_Th1.Th17.,3,3,3,1,4,0,1,67,1,1
Tnaive.CM_CD4.,0,5,5,3,4,4,3,41,3,3
Tnaive.CM_CD4.,0,0,3,3,4,0,0,69,3,3
Tem.emra_CD8.,4,4,4,5,5,5,5,33,5,5
Tfh.,5,8,2,2,2,2,2,60,2,2
Tregs.,2,2,0,6,3,14,7,49,0,0
Tregs.,2,2,0,6,3,14,7,49,0,0
Tregs.,2,8,1,6,7,8,7,48,0,0
Tnaive.CM_CD8.,1,6,3,4,1,9,4,1,4,4
Tnaive.CM_CD4.,0,5,5,3,1,6,3,51,3,3
Tnaive.CM_CD8.,1,3,3,3,4,4,3,17,3,3
Tnaive.CM_CD8.,1,6,3,4,6,4,4,46,4,4
Trm_Th1.Th17.,3,1,1,1,6,1,1,30,1,1
Tnaive.CM_CD8.,1,6,3,4,4,9,4,67,4,4
MAIT.,7,7,6,9,7,10,9,15,6,7
Trm_Th1.Th17.,3,5,1,1,6,1,1,12,1,1
Tnaive.CM_CD4.,0,5,5,8,1,6,3,4,3,3
MAIT.,7,7,6,9,7,10,9,19,6,7
Trm_Th1.Th17.,3,1,1,1,7,1,1,48,1,1
Trm_Th1.Th17.,3,1,1,1,6,1,1,62,1,1
Tfh.,5,8,2,2,2,2,2,2,2,2
Tnaive.CM_CD4.,0,5,5,3,4,6,6,72,3,10
Tnaive.CM_CD8.,1,6,3,4,4,9,4,14,4,4
Tem.emra_CD8.,4,4,4,5,5,13,5,22,5,5
Tregs.,2,0,0,6,2,14,7,43,0,0
Trm_Th1.Th17.,3,1,1,1,6,1,1,58,1,1
Trm.em_CD8.,4,4,2,10,7,15,10,23,5,6
Cycling.T.NK.,4,4,4,7,3,11,8,40,5,8
Trm_Th1.Th17.,3,5,1,3,4,1,1,18,1,1
Tnaive.CM_CD8.,2,0,3,8,4,4,3,61,4,4
Trm_Th1.Th17.,3,1,1,1,3,1,1,3,1,1
Tnaive.CM_CD4.,0,5,5,3,4,6,3,73,3,3
Tnaive.CM_CD8.,1,6,3,4,4,9,4,27,4,4
Tregs.,2,0,0,4,0,7,7,5,0,0
Tnaive.CM_CD4.,0,5,5,3,4,6,3,14,3,3
Tregs.,2,0,0,6,0,7,7,8,0,0
Trm_Th1.Th17.,3,1,1,1,6,1,1,71,1,1
Tnaive.CM_CD8.,1,6,3,4,6,9,4,52,4,4
Tnaive.CM_CD4.,0,5,5,3,4,6,3,63,3,3
Trm_Th1.Th17.,3,1,1,1,7,1,1,23,1,1
Tnaive.CM_CD8.,0,5,3,4,6,3,4,70,4,4
Tgd_CRTAM..,4,4,4,7,5,13,8,22,5,6
Tregs.,2,2,0,6,3,14,6,49,0,0
Tnaive.CM_CD4.,0,5,5,3,1,6,6,18,3,10
Tnaive.CM_CD8.,1,6,3,4,4,4,4,46,4,4
Tnaive.CM_CD8.,1,6,3,4,6,4,4,64,4,4
Tnaive.CM_CD4.,0,5,5,3,4,8,6,41,3,3
Tnaive.CM_CD8.,1,6,3,3,4,9,6,18,4,4
Trm_Th1.Th17.,3,3,1,8,4,4,1,5,1,1
Tnaive.CM_CD8.,1,6,3,4,4,9,4,21,4,4
Tfh.,5,8,2,2,2,2,2,43,2,2
Tnaive.CM_CD4.,0,3,3,3,4,3,3,63,3,3
Tnaive.CM_CD8.,1,6,3,4,4,9,4,34,4,4
Teffector.EM_CD4.,6,7,1,10,7,15,10,35,6,9
Trm_Th1.Th17.,3,1,1,1,7,12,1,26,2,9
Tnaive.CM_CD8.,1,6,3,4,6,9,6,52,4,4
Tregs.,2,0,0,6,6,7,7,76,0,0
Tregs.,2,2,0,6,7,7,6,48,0,0
Tem.emra_CD8.,4,4,4,5,5,5,5,33,5,5
Tnaive.CM_CD8.,1,6,3,4,4,9,4,67,4,4
Trm_Th1.Th17.,3,3,3,8,6,0,3,13,1,1
Tnaive.CM_CD4.,0,3,3,3,6,3,3,52,3,3
Tfh.,5,8,2,2,2,2,2,43,2,2
Tnaive.CM_CD8.,1,6,3,4,4,9,4,17,4,4
Tregs.,2,0,0,0,0,0,0,0,0,0
Tregs.,2,0,0,8,0,7,3,16,1,1
Cycling.T.NK.,4,4,4,7,3,11,8,40,5,8
Tnaive.CM_CD8.,1,6,3,4,4,9,4,14,4,4
Tnaive.CM_CD8.,1,3,3,4,4,4,4,61,4,4
Tnaive.CM_CD4.,0,5,5,3,4,6,3,55,3,3
MAIT.,7,7,6,9,7,10,9,19,6,7
Tregs.,2,0,0,0,0,0,0,0,0,0
Trm_Th1.Th17.,3,1,1,1,7,9,1,23,1,1
Tem.emra_CD8.,4,4,4,5,5,5,5,36,5,5
Trm_Th1.Th17.,3,1,1,1,1,1,1,7,1,1
Tnaive.CM_CD4.,0,5,5,3,1,8,3,68,3,3
Tnaive.CM_CD4.,0,5,5,3,1,6,6,51,3,10
Tnaive.CM_CD4.,0,5,5,3,4,8,3,73,3,3
Tnaive.CM_CD4.,0,5,5,3,4,8,6,41,3,3
Trm_gut_CD8.,6,7,2,10,2,15,10,28,6,9
Trm_Th1.Th17.,1,6,3,1,7,1,1,26,1,1
Tregs.,2,2,0,6,3,14,7,39,0,0
Tregs.,2,1,1,1,7,1,1,29,0,0
Tnaive.CM_CD8.,1,0,0,4,0,0,0,0,4,4
Tnaive.CM_CD8.,1,6,3,4,4,4,4,66,4,4
Tregs.,2,2,0,6,3,14,7,3,0,0
Teffector.EM_CD4.,6,7,0,10,7,15,10,56,6,9
Tnaive.CM_CD8.,2,3,0,0,0,0,0,53,4,4
Tnaive.CM_CD8.,1,3,3,4,0,0,4,53,4,4
Tnaive.CM_CD8.,1,6,3,4,4,9,4,5,4,4
Tem.emra_CD8.,4,4,4,5,5,5,5,15,5,5
Tnaive.CM_CD4.,0,5,5,3,1,8,3,9,3,3
Trm_Th1.Th17.,2,0,1,1,7,1,1,29,3,3
Tregs.,2,0,0,0,0,0,0,0,3,0
Trm_Th1.Th17.,3,3,1,1,4,1,1,5,1,1
Tregs.,2,0,0,0,0,7,0,31,0,0
Tregs.,2,0,0,0,0,0,0,16,0,0
Tem.emra_CD8.,4,7,4,5,5,5,5,38,5,5
Tnaive.CM_CD4.,0,3,5,8,8,4,3,44,3,3
Tem.emra_CD8.,4,4,4,5,5,13,5,22,5,5
Teffector.EM_CD4.,6,7,1,10,7,15,10,56,6,9
Trm_Th1.Th17.,3,3,1,1,6,4,1,62,1,1
Tregs.,2,0,0,6,0,7,7,8,0,0
MAIT.,7,7,6,9,7,10,9,19,6,7
Trm_Th1.Th17.,3,1,1,1,6,1,1,58,1,1
Tnaive.CM_CD8.,1,6,3,4,6,9,4,12,4,4
Trm_Th1.Th17.,3,1,1,1,6,1,1,62,1,1
Tregs.,2,2,0,6,3,14,7,39,0,0
Tnaive.CM_CD4.,0,5,5,3,1,8,3,7,3,3
Trm_Th1.Th17.,1,3,3,8,8,4,0,44,1,1
Tnaive.CM_CD8.,1,6,3,4,4,9,4,25,4,4
Trm_Th1.Th17.,3,1,1,1,6,1,1,62,1,1
Tnaive.CM_CD4.,0,5,5,3,1,6,6,72,3,10
Tregs.,2,0,0,0,0,0,0,31,0,0
Tnaive.CM_CD4.,0,3,3,8,8,3,3,44,3,3
Tnaive.CM_CD4.,0,5,1,3,6,8,3,52,3,3
Tnaive.CM_CD4.,0,5,5,3,1,6,3,51,3,3
Tem.emra_CD8.,4,4,4,5,5,5,5,24,5,5
Tnaive.CM_CD4.,0,5,5,3,1,6,3,51,3,3
Tnaive.CM_CD4.,0,5,5,3,1,6,3,47,3,3
Teffector.EM_CD4.,6,7,1,2,6,15,1,62,6,9
Tem.emra_CD8.,4,4,4,5,5,5,5,24,5,5
Tnaive.CM_CD4.,0,5,5,3,1,8,3,1,3,3
Tem.emra_CD8.,4,7,4,5,7,5,5,65,5,5
Tnaive.CM_CD8.,1,6,3,4,4,4,4,14,4,4
Tem.emra_CD8.,4,4,4,5,5,5,5,22,5,5
Tnaive.CM_CD4.,0,5,5,3,1,6,3,20,3,3
Tnaive.CM_CD8.,2,0,0,0,0,0,0,42,4,4
Tregs.,2,0,1,8,8,0,3,44,0,0
Tnaive.CM_CD8.,1,3,3,4,6,4,4,13,4,4
Tnaive.CM_CD8.,1,6,3,4,1,9,4,9,4,4
Tnaive.CM_CD4.,0,5,3,8,1,3,3,47,3,3
Tem.emra_CD8.,2,0,0,0,0,0,0,31,5,6
Tregs.,2,2,0,6,3,14,7,3,0,0
T_CD4.CD8.,5,8,1,2,2,9,2,54,2,2
Trm_Th1.Th17.,3,1,1,1,6,1,1,29,1,1
Tnaive.CM_CD8.,1,3,3,0,0,4,0,0,4,4
Tem.emra_CD8.,2,0,4,0,0,5,0,31,5,5
Trm_Th1.Th17.,3,1,1,1,6,1,1,58,1,1
Tnaive.CM_CD8.,1,3,3,4,4,4,4,67,4,4
Tnaive.CM_CD4.,0,5,3,8,0,3,3,16,3,3
Tnaive.CM_CD8.,1,6,3,4,6,9,4,70,4,4
Tem.emra_CD8.,4,4,4,5,5,5,5,50,5,5
Tnaive.CM_CD8.,1,6,3,4,4,9,4,34,4,4
Tnaive.CM_CD8.,1,3,3,4,8,4,4,57,4,4
Trm_Th1.Th17.,3,1,1,1,3,1,1,3,1,1
Trm_Th1.Th17.,3,1,1,1,6,1,1,62,1,1
Tnaive.CM_CD8.,1,6,3,4,4,9,4,25,4,4
Tnaive.CM_CD4.,0,5,5,3,4,6,3,5,3,3
Tnaive.CM_CD4.,0,5,5,3,4,8,3,17,3,3
Tem.emra_CD8.,4,4,4,5,5,5,5,38,5,5
Tnaive.CM_CD4.,0,3,3,8,6,3,3,64,3,3
Tem.emra_CD8.,4,4,4,5,5,5,5,22,5,5
Tnaive.CM_CD8.,1,6,3,4,6,9,4,71,4,3
Tem.emra_CD8.,4,4,4,5,5,5,5,33,5,5
Tnaive.CM_CD8.,0,6,3,4,1,9,3,1,4,4
Trm_Th1.Th17.,0,3,1,3,6,1,3,52,0,3
Tnaive.CM_CD8.,1,6,3,4,4,4,4,61,4,4
Tem.emra_CD8.,4,4,4,5,5,5,5,45,5,5
Tnaive.CM_CD8.,2,0,0,0,0,12,0,11,2,9
Cycling.T.NK.,4,4,4,7,3,11,8,40,5,8
MAIT.,7,7,6,9,7,10,9,19,6,7
Tregs.,2,0,3,8,0,0,0,0,3,3
Trm_Th1.Th17.,3,1,1,1,6,1,1,71,1,1
Trm_Th1.Th17.,3,3,3,3,4,1,3,17,1,1
Tfh.,5,8,2,2,7,2,2,28,2,2
Tfh.,5,8,2,2,2,2,2,2,2,2
Tnaive.CM_CD4.,0,5,5,3,1,8,3,47,3,3
Tnaive.CM_CD8.,1,6,3,1,6,9,4,52,4,4
Tnaive.CM_CD4.,0,5,5,3,4,6,6,55,3,3
Tnaive.CM_CD4.,0,5,0,3,4,4,3,41,3,3
Tregs.,2,0,0,6,3,7,7,59,0,0
Trm_Th1.Th17.,3,1,1,1,6,1,1,29,1,1
Tnaive.CM_CD8.,1,6,3,4,4,9,4,73,4,4
Tregs.,2,2,0,6,3,14,7,3,0,0
Tfh.,5,8,2,2,2,2,2,32,2,2
Tnaive.CM_CD8.,1,6,3,4,4,9,4,34,4,4
MAIT.,6,7,6,9,7,10,9,19,6,9
Tnaive.CM_CD8.,1,6,3,4,4,9,4,14,4,4
Tnaive.CM_CD8.,1,6,3,1,6,9,1,30,4,4
Tfh.,5,8,2,2,2,2,2,2,2,2
Tnaive.CM_CD4.,0,5,3,3,1,3,3,20,3,3
Tnaive.CM_CD8.,1,6,3,4,4,8,4,17,4,4
Trm_Th1.Th17.,0,3,3,4,0,5,6,75,2,2
Trm_Th1.Th17.,3,1,1,1,7,1,1,23,1,1
Tregs.,2,2,0,2,2,14,2,60,0,0
Tem.emra_CD8.,4,4,4,5,5,5,5,45,5,5
Teffector.EM_CD4.,6,7,1,1,6,4,1,62,6,7
Tnaive.CM_CD8.,1,6,3,4,4,9,4,18,4,4
Tnaive.CM_CD8.,1,6,5,3,4,9,6,14,4,4
Tnaive.CM_CD4.,0,5,5,3,1,6,3,9,3,3
Tnaive.CM_CD8.,1,6,3,4,4,9,4,14,4,4
Trm_Th1.Th17.,3,1,1,1,6,1,1,58,1,1
Tregs.,2,2,0,6,3,14,7,74,0,0
Trm_Th1.Th17.,3,1,6,1,6,1,1,62,2,1
Tem.emra_CD8.,4,4,4,5,5,5,5,45,5,5
Tem.emra_CD8.,4,4,4,5,5,5,5,50,5,5
Tem.emra_CD8.,2,0,4,0,0,5,0,38,5,5
Trm_Th1.Th17.,3,3,1,3,4,7,4,66,1,1
Tregs.,2,0,0,0,0,0,0,31,0,0
Tnaive.CM_CD8.,1,6,3,4,4,9,4,25,4,4
Tem.emra_CD8.,4,4,4,5,5,5,5,22,5,5
Tem.emra_CD8.,4,4,4,5,5,5,5,36,5,5
Tem.emra_CD8.,4,4,4,5,5,5,5,33,5,5
Trm_Th1.Th17.,3,1,1,1,7,1,1,48,2,1
Tregs.,2,0,0,6,2,0,6,32,0,0
Tregs.,2,0,0,8,0,0,3,16,0,0
Trm.em_CD8.,4,4,4,7,5,13,8,22,5,6
Trm_Th1.Th17.,3,1,1,1,6,1,1,52,1,1
Trm_Th1.Th17.,3,1,1,1,6,9,1,62,1,1
Trm_Th1.Th17.,3,1,1,1,7,1,1,48,2,2
Tem.emra_CD8.,4,4,4,5,5,5,5,50,5,5
Tnaive.CM_CD8.,1,6,3,1,4,9,1,34,4,4
Trm_Th1.Th17.,3,1,1,1,7,1,1,23,1,1
Tem.emra_CD8.,4,4,4,5,5,5,5,33,5,5
Tnaive.CM_CD4.,0,5,5,3,4,6,6,72,3,10
Tnaive.CM_CD8.,1,6,3,4,4,4,4,67,4,4
Tregs.,2,2,0,6,3,14,7,40,0,0
Tnaive.CM_CD4.,0,3,1,8,8,4,0,44,0,3
Tregs.,2,0,1,6,2,7,7,32,0,0
Trm_Th1.Th17.,3,1,5,3,6,1,1,52,1,1
Tnaive.CM_CD8.,1,6,3,4,4,9,4,67,4,4
Tem.emra_CD8.,4,4,4,5,5,5,5,6,5,5
Tnaive.CM_CD8.,1,3,3,4,4,4,4,61,4,4
Tnaive.CM_CD4.,0,5,5,3,4,8,6,34,3,3
Tgd_CRTAM..,4,4,4,7,5,13,8,22,5,6
Tregs.,2,2,0,6,3,14,7,49,0,0
Trm_Th1.Th17.,3,1,1,1,6,1,1,30,1,1
Tregs.,2,2,0,6,3,14,7,39,0,0
Tnaive.CM_CD4.,0,5,5,3,4,8,6,72,3,3
Trm_Th1.Th17.,3,1,1,1,6,1,1,13,1,1
Tnaive.CM_CD8.,1,3,3,4,4,4,4,61,4,4
Trm_Th1.Th17.,3,1,1,3,4,1,3,41,1,1
Trm_Th1.Th17.,3,1,1,1,6,1,1,58,1,1
Tfh.,2,3,0,2,0,12,2,53,2,2
Tregs.,2,2,0,6,2,14,7,2,0,0
Trm_Th1.Th17.,3,3,1,1,4,1,1,61,1,1
Tfh.,5,8,2,2,2,2,2,54,2,2
Tgd_CRTAM..,4,4,4,7,5,13,8,22,5,6
Trm_Th1.Th17.,3,1,1,8,6,1,0,71,1,1
Trm_Th1.Th17.,3,1,1,1,6,1,1,58,1,1
Trm_Th1.Th17.,3,6,1,1,6,1,4,52,1,1
Trm_Th1.Th17.,3,1,1,1,7,1,1,29,1,1
Tgd_CRTAM..,4,4,4,7,5,13,8,22,5,6
Trm_Th1.Th17.,2,0,1,10,0,12,10,53,2,9
MAIT.,7,7,6,9,5,10,9,6,6,7
Tnaive.CM_CD4.,2,0,3,8,8,4,3,57,3,3
Tem.emra_CD8.,4,4,4,5,5,5,5,45,5,5
Trm_Th1.Th17.,3,1,1,1,4,1,1,34,1,1
Trm_Th1.Th17.,3,1,1,1,7,1,1,29,1,1
Tnaive.CM_CD4.,0,5,5,3,1,3,6,7,3,3
Tregs.,2,2,0,6,3,14,7,48,0,0
Tnaive.CM_CD8.,1,6,3,4,4,9,4,25,4,4
Tnaive.CM_CD4.,0,5,5,3,1,6,3,1,3,3
MAIT.,7,7,6,9,5,10,9,22,6,7
Tregs.,2,0,0,6,3,7,7,49,0,0
Trm.em_CD8.,2,0,4,5,5,5,5,38,5,5
Tnaive.CM_CD4.,0,5,5,3,1,6,3,47,3,3
Trm_Th1.Th17.,0,3,2,8,1,6,3,20,3,3
Trm_Th1.Th17.,3,1,1,3,3,1,6,48,1,1
Tem.emra_CD8.,4,4,4,5,5,5,5,15,5,5
Teffector.EM_CD4.,6,7,1,1,6,1,1,62,1,1
Trm_Th1.Th17.,3,1,1,1,6,1,1,30,1,1
Tnaive.CM_CD8.,1,6,3,4,4,9,4,25,4,4
Trm_Th1.Th17.,3,3,1,1,1,1,3,4,1,1
Tnaive.CM_CD8.,1,6,3,4,1,9,4,52,4,4
Tregs.,2,0,0,8,0,0,0,0,0,0
Tnaive.CM_CD8.,1,6,3,4,4,4,4,73,4,4
Tnaive.CM_CD8.,1,6,3,4,4,9,4,14,4,4
Tnaive.CM_CD8.,1,6,3,4,4,4,4,25,4,4
Tnaive.CM_CD4.,0,5,5,3,4,8,6,14,3,3
Trm_Th1.Th17.,3,1,1,3,6,1,3,64,1,1
Tnaive.CM_CD4.,2,0,0,0,0,0,0,42,3,10
MAIT.,7,7,6,9,7,10,9,29,6,7
Tnaive.CM_CD4.,0,3,5,8,8,6,3,57,3,3
Tnaive.CM_CD4.,0,5,5,3,1,8,3,7,3,3
Tnaive.CM_CD4.,0,5,5,3,4,8,6,34,3,3
Tem.emra_CD8.,4,4,4,5,5,5,5,45,5,5
Trm_Th1.Th17.,3,1,1,1,7,1,1,30,1,1
Tem.emra_CD8.,4,4,4,5,5,5,5,33,5,5
Tregs.,2,1,1,1,6,1,1,62,0,0
Tnaive.CM_CD4.,0,3,1,8,8,4,3,44,3,3
Tem.emra_CD8.,4,4,4,7,5,5,5,50,5,5
Trm_Th1.Th17.,3,1,1,1,6,1,1,30,1,1
Teffector.EM_CD4.,2,0,1,8,6,0,0,29,6,9
Tfh.,5,8,2,2,2,2,2,54,2,2
Trm_Th1.Th17.,1,3,5,8,4,4,1,69,1,1
Tnaive.CM_CD8.,1,6,3,4,6,9,4,30,4,4
Tnaive.CM_CD4.,0,5,5,3,1,8,3,47,3,3
Trm_Th1.Th17.,3,1,1,1,6,1,1,30,1,1
Tem.emra_CD8.,4,4,4,5,5,5,5,6,5,5
Tregs.,2,2,0,6,2,7,7,49,0,0
Trm_Th1.Th17.,2,3,1,1,0,4,0,53,2,1
Teffector.EM_CD4.,6,7,1,2,2,2,2,60,6,9
Trm_gut_CD8.,6,7,2,10,7,15,10,56,6,9
Tnaive.CM_CD8.,1,6,3,4,4,9,4,14,4,4
Tnaive.CM_CD4.,0,5,5,3,1,8,3,9,3,3
Tnaive.CM_CD8.,1,6,3,4,6,9,4,71,4,4
Tem.emra_CD8.,4,4,4,7,0,5,8,8,5,5
Tnaive.CM_CD8.,1,6,3,4,4,9,4,67,4,4
Trm_Th1.Th17.,3,1,1,8,6,1,1,71,1,1
Tnaive.CM_CD4.,0,5,5,3,1,6,1,9,3,3
Tregs.,0,2,0,3,1,14,0,20,0,0
Tem.emra_CD8.,4,4,4,5,5,5,5,15,5,5
MAIT.,7,7,6,9,7,10,9,35,6,7
Tregs.,2,2,0,6,2,7,7,59,0,0
Tnaive.CM_CD4.,0,5,5,3,1,8,6,7,3,3
Tnaive.CM_CD8.,2,0,0,0,0,0,0,31,3,10
Tnaive.CM_CD8.,1,6,3,4,6,9,4,70,4,4
Tem.emra_CD8.,4,4,4,5,5,5,5,15,5,5
Trm_Th1.Th17.,3,1,1,3,4,1,3,41,3,3
Tregs.,2,0,0,8,0,7,0,0,0,0
Tnaive.CM_CD8.,1,6,3,4,6,4,4,30,4,4
Tregs.,2,2,0,6,3,14,7,49,0,0
Tnaive.CM_CD8.,1,6,3,4,4,4,4,67,4,4
Tnaive.CM_CD8.,2,0,0,8,0,0,4,0,4,4
Tnaive.CM_CD4.,0,5,5,3,1,6,3,20,3,3
Trm_Th1.Th17.,3,1,1,1,7,1,1,29,1,1
Tnaive.CM_CD4.,0,3,0,3,1,3,3,20,3,3
Teffector.EM_CD4.,6,7,1,10,6,15,10,76,6,9
Tnaive.CM_CD8.,1,6,3,4,6,4,4,46,4,4
Tem.emra_CD8.,4,4,4,5,5,5,5,24,5,5
Tregs.,2,0,0,0,0,7,0,31,0,0
Trm_Th1.Th17.,3,1,1,1,7,1,1,23,1,1
Tregs.,2,2,0,2,2,0,7,2,0,0
Tem.emra_CD8.,4,4,4,5,5,5,5,50,5,5
MAIT.,6,7,1,10,7,15,10,35,6,7
Tnaive.CM_CD8.,1,6,3,4,6,4,4,46,4,4
Trm_Th1.Th17.,3,1,1,1,6,1,1,30,1,1
Tnaive.CM_CD4.,0,5,5,3,1,8,3,51,3,3
Tem.emra_CD8.,4,4,4,5,5,5,5,50,5,5
Trm_Th1.Th17.,3,1,1,3,4,1,8,18,1,1
Tnaive.CM_CD8.,1,6,3,4,4,9,4,18,4,4
Tnaive.CM_CD4.,0,5,5,3,1,8,6,51,3,3
Tnaive.CM_CD8.,1,6,3,4,4,9,4,67,4,4
Tnaive.CM_CD4.,0,5,5,3,1,3,3,47,3,3
Tnaive.CM_CD8.,1,6,3,4,6,9,4,52,4,4
Tfh.,5,8,2,2,2,2,2,2,2,2
Tfh.,5,8,2,2,2,2,2,54,2,2
Tregs.,2,0,0,1,6,8,1,52,0,0
Tnaive.CM_CD8.,1,6,3,4,4,4,4,17,4,4
Tnaive.CM_CD8.,1,6,3,4,4,6,4,21,4,4
Tnaive.CM_CD8.,1,6,3,4,1,9,4,73,4,4
Tregs.,2,0,0,0,0,0,0,42,0,0
Tregs.,2,2,0,6,3,14,7,49,0,0
Trm_Th1.Th17.,5,3,1,1,7,12,1,54,1,1
Tem.emra_CD8.,2,0,4,0,0,5,0,0,5,0
Tnaive.CM_CD4.,0,5,3,3,1,8,3,47,3,3
Tregs.,2,0,0,0,0,7,0,10,0,0
Tregs.,5,8,0,2,2,14,2,2,0,0
Tnaive.CM_CD4.,0,5,5,3,4,6,6,34,3,10
Tnaive.CM_CD8.,1,6,3,4,6,9,4,52,4,4
Tnaive.CM_CD4.,0,3,3,3,4,3,3,73,3,3
Tregs.,2,2,0,2,2,0,7,2,0,0
Tfh.,2,0,0,2,3,7,2,49,0,0
Tnaive.CM_CD4.,0,3,0,8,4,3,4,61,3,3
Trm_Th1.Th17.,3,1,1,1,3,1,1,59,1,1
Tnaive.CM_CD8.,1,3,3,4,6,4,4,12,4,4
Trm.em_CD8.,4,4,4,7,5,13,8,22,5,6
Tnaive.CM_CD8.,1,6,3,4,2,9,6,54,4,4
Tregs.,2,0,0,0,0,7,0,31,0,0
Tnaive.CM_CD8.,1,3,3,4,2,4,4,32,4,4
Tnaive.CM_CD4.,0,5,5,3,1,6,3,20,3,3
Tnaive.CM_CD8.,1,6,3,4,4,4,4,17,4,4
Trm.em_CD8.,4,4,4,10,7,13,10,35,5,6
Tnaive.CM_CD4.,0,5,5,3,4,8,3,41,3,3
Tnaive.CM_CD8.,1,6,5,4,4,9,4,14,4,4
Tem.emra_CD8.,4,4,4,5,5,5,5,33,5,5
Trm_Th1.Th17.,2,3,1,8,0,1,3,16,3,1
Tnaive.CM_CD4.,0,5,5,3,1,6,3,51,3,3
Trm_Th1.Th17.,3,1,1,1,7,1,2,54,1,1
Tem.emra_CD8.,4,4,4,5,5,5,5,24,5,5
Tnaive.CM_CD8.,0,6,3,3,1,8,4,1,4,4
Tfh.,5,8,2,2,2,2,2,32,2,2
Tregs.,2,2,0,6,3,14,7,39,0,0
Trm_Th1.Th17.,3,1,1,1,6,1,1,62,1,1
Tem.emra_CD8.,4,4,4,5,5,5,5,24,5,5
Trm_Th1.Th17.,3,1,1,2,4,1,2,41,1,1
Trm_Th1.Th17.,2,0,1,8,8,3,3,44,0,3
Tnaive.CM_CD8.,1,6,3,4,4,9,4,21,4,4
Trm_Th1.Th17.,3,1,1,1,6,1,1,30,1,1
Tnaive.CM_CD8.,2,0,0,0,0,0,0,42,0,0
Tnaive.CM_CD4.,0,5,5,3,1,8,3,7,3,3
Tnaive.CM_CD8.,1,6,3,4,6,9,4,64,4,4
Tnaive.CM_CD4.,0,5,3,8,6,9,3,64,3,3
Tem.emra_CD8.,4,4,4,7,5,5,8,22,5,5
Tnaive.CM_CD8.,1,3,3,4,4,4,4,67,4,4
Tnaive.CM_CD8.,1,6,3,4,4,4,4,67,4,4
Trm_Th1.Th17.,3,1,1,1,6,1,1,52,1,1
Trm_gut_CD8.,6,7,0,10,7,12,10,56,6,9
Tnaive.CM_CD4.,0,3,3,8,8,4,3,57,3,3
Teffector.EM_CD4.,6,8,1,10,7,10,10,19,6,9
Tregs.,2,0,0,0,0,0,0,0,0,0
Tnaive.CM_CD8.,1,6,3,4,6,4,4,46,4,4
Tnaive.CM_CD8.,1,6,3,4,6,4,4,12,4,4
Trm_Th1.Th17.,3,1,1,1,3,1,1,23,1,1
Tregs.,2,0,0,0,0,12,0,11,2,2
Tnaive.CM_CD4.,0,5,5,3,1,8,3,68,3,3
Tnaive.CM_CD8.,1,6,3,4,4,9,4,52,4,4
Tnaive.CM_CD8.,2,3,3,8,8,9,3,44,0,3
Tregs.,2,2,0,6,6,14,7,64,0,0
Tregs.,2,2,0,6,6,14,7,64,0,0
Tem.emra_CD8.,4,4,4,5,5,5,5,24,5,5
Tnaive.CM_CD4.,0,5,5,3,1,6,6,51,3,3
Trm_Th1.Th17.,3,3,1,1,7,12,1,26,5,5
Tnaive.CM_CD8.,1,3,3,4,4,4,4,73,4,4
Tnaive.CM_CD8.,1,6,3,4,1,9,4,73,4,4
Tem.emra_CD8.,4,0,4,0,0,5,0,31,5,5
Tnaive.CM_CD4.,0,5,5,3,4,6,6,41,3,3
Tnaive.CM_CD4.,0,5,5,3,1,8,3,9,3,3
Tregs.,2,0,0,2,3,7,0,59,0,0
Tfh.,5,8,2,2,2,2,2,32,2,2
Tem.emra_CD8.,4,4,4,5,5,5,5,24,5,5
Teffector.EM_CD4.,6,7,1,10,7,15,10,35,6,7
Tem.emra_CD8.,4,0,4,0,0,5,0,31,5,5
Tem.emra_CD8.,4,4,4,5,5,5,5,50,5,5
Tfh.,5,8,2,2,2,2,2,60,2,2
Tnaive.CM_CD4.,0,3,3,8,8,3,3,44,3,3
Trm_Th1.Th17.,3,3,1,3,0,1,3,13,1,1
Tnaive.CM_CD4.,0,3,3,3,4,7,3,17,3,3
Tnaive.CM_CD8.,1,6,3,4,6,9,4,52,4,4
Teffector.EM_CD4.,6,7,1,10,7,15,10,35,6,9
Trm_Th1.Th17.,3,1,1,8,8,1,1,57,1,1
Tregs.,2,0,5,6,7,2,7,59,0,0
Trm.em_CD8.,4,4,4,7,5,13,8,6,5,6
Tnaive.CM_CD4.,2,0,0,8,0,0,0,16,3,3
Tfh.,5,8,2,2,2,2,2,2,2,2
Tnaive.CM_CD8.,1,3,3,8,4,4,4,69,4,4
Tnaive.CM_CD8.,1,6,3,4,4,9,4,18,4,4
Trm_Th1.Th17.,3,1,1,1,7,1,1,23,1,1
Tnaive.CM_CD4.,0,5,5,3,1,3,3,47,3,3
Tfh.,5,8,2,2,2,2,2,32,2,2
Tfh.,5,8,2,2,0,12,2,53,2,2
Trm_Th1.Th17.,3,1,2,6,3,6,7,49,3,10
Tem.emra_CD8.,4,4,4,5,5,5,5,24,5,5
Trm_Th1.Th17.,3,1,1,1,6,1,1,29,1,1
Tregs.,2,0,0,6,3,7,7,74,0,0
Tfh.,2,0,0,0,0,12,0,11,2,2
Tregs.,2,5,0,2,0,12,2,75,0,0
Trm_Th1.Th17.,3,1,1,1,4,9,1,34,1,1
Tregs.,2,2,0,6,3,14,7,40,0,0
Tnaive.CM_CD8.,1,3,3,8,8,4,3,57,4,4
Tnaive.CM_CD8.,1,6,3,4,4,9,4,18,4,4
Trm.em_CD8.,4,4,4,7,5,13,8,6,5,6
Tnaive.CM_CD4.,0,5,5,3,4,8,3,5,3,3
Tnaive.CM_CD4.,0,5,5,3,4,3,3,63,3,3
Tem.emra_CD8.,4,4,4,5,5,5,5,15,5,5
Trm_Th1.Th17.,3,6,3,1,6,1,1,30,1,1
Tgd_CRTAM..,4,4,4,7,5,13,8,6,5,6
Tnaive.CM_CD8.,1,6,3,4,4,9,4,25,4,4
Trm_Th1.Th17.,3,1,1,1,6,1,1,71,1,1
Trm_Th1.Th17.,3,1,1,1,6,1,1,62,1,1
Tem.emra_CD8.,4,4,4,5,5,5,5,50,5,5
Tnaive.CM_CD4.,0,5,5,3,4,6,6,72,3,10
Tregs.,2,2,0,6,3,6,7,49,0,0
Tfh.,5,8,2,2,2,2,2,2,2,2
Trm_Th1.Th17.,3,1,1,1,7,1,1,23,1,1
Tem.emra_CD8.,4,4,4,5,5,5,5,50,5,5
Trm_Th1.Th17.,3,1,1,1,7,1,1,23,1,1
Tnaive.CM_CD4.,0,0,3,8,1,3,3,4,3,3
Teffector.EM_CD4.,3,3,1,6,6,10,7,76,0,3
Tnaive.CM_CD4.,0,5,3,3,1,3,3,7,3,3
Tnaive.CM_CD8.,1,6,3,3,4,9,3,14,4,4
Teffector.EM_CD4.,6,7,1,10,7,15,10,35,6,9
Tnaive.CM_CD8.,2,0,0,0,0,3,0,0,3,3
Trm_Th1.Th17.,3,1,1,1,3,1,2,39,2,2
Tnaive.CM_CD4.,0,5,5,3,1,8,3,7,3,3
Tfh.,5,8,2,2,2,2,2,60,2,2
Tem.emra_CD8.,2,0,4,0,5,5,8,38,5,5
Trm_Th1.Th17.,3,1,1,1,7,1,1,26,1,1
Tnaive.CM_CD8.,1,6,3,4,6,9,4,70,4,4
Tnaive.CM_CD8.,1,5,3,4,4,9,4,18,4,4
Tnaive.CM_CD8.,1,6,3,4,4,4,4,69,4,4
Tfh.,5,8,2,2,2,2,2,60,2,2
Tnaive.CM_CD4.,0,5,5,3,1,8,3,51,3,3
Tnaive.CM_CD4.,0,5,5,3,1,8,3,68,3,3
Tem.emra_CD8.,4,4,4,5,5,5,5,24,5,5
Tfh.,5,8,2,2,2,2,2,54,2,2
Trm_Th1.Th17.,3,1,1,1,7,1,1,48,2,2
Tnaive.CM_CD4.,0,5,5,8,1,6,3,7,3,3
Trm_Th1.Th17.,3,1,1,1,6,1,1,58,1,1
Trm_Th1.Th17.,1,3,1,8,8,1,1,44,1,1
MAIT.,7,7,6,9,7,10,9,35,6,7
Tnaive.CM_CD8.,1,6,3,4,4,9,6,55,4,4
Tem.emra_CD8.,4,4,4,5,5,5,5,45,5,5
Tem.emra_CD8.,4,4,4,7,0,13,0,8,5,5
Tregs.,2,0,2,6,6,7,7,43,0,3
Tnaive.CM_CD4.,0,5,5,8,1,6,3,4,3,3
Tem.emra_CD8.,4,3,4,5,5,5,5,24,5,5
Tnaive.CM_CD8.,0,5,3,8,1,6,4,47,3,3
Tregs.,0,3,0,6,2,14,6,32,0,0
Tem.emra_CD8.,4,4,4,5,5,5,5,45,5,5
Tem.emra_CD8.,4,4,4,5,5,5,5,36,5,5
Tfh.,5,0,0,2,2,2,2,43,2,2
Trm_Th1.Th17.,2,0,0,0,0,0,0,42,1,1
Tnaive.CM_CD8.,1,6,5,4,2,9,4,54,4,4
Tregs.,2,0,0,8,0,0,0,0,3,0
Tregs.,2,2,0,6,3,6,7,3,0,0
Tnaive.CM_CD8.,1,6,5,4,6,4,4,46,4,4
Teffector.EM_CD4.,6,7,1,9,7,15,9,19,6,9
Tnaive.CM_CD4.,0,5,5,3,4,8,3,41,3,3
Tem.emra_CD8.,4,4,4,5,5,5,5,38,5,5
Tregs.,2,0,0,6,0,7,7,53,0,0
Tnaive.CM_CD8.,1,6,3,4,4,4,4,55,4,4
Teffector.EM_CD4.,3,1,1,1,7,1,1,48,1,1
Tregs.,2,2,0,6,2,14,7,43,0,0
Tregs.,2,0,0,0,0,0,0,0,0,0
Tem.emra_CD8.,4,4,4,5,5,5,5,6,5,5
Tem.emra_CD8.,4,4,4,5,5,5,5,24,5,5
Tnaive.CM_CD4.,0,5,5,3,1,8,3,4,3,3
Trm_Th1.Th17.,3,8,1,1,1,1,6,7,2,2
Tnaive.CM_CD8.,1,6,3,4,8,4,4,57,4,4
Tnaive.CM_CD4.,0,5,5,3,1,8,6,7,3,3
Tnaive.CM_CD8.,1,6,3,4,4,9,4,34,4,4
Trm_Th1.Th17.,3,1,1,3,1,1,3,47,1,1
Trm_Th1.Th17.,3,1,1,4,7,1,4,70,1,1
Trm_Th1.Th17.,3,3,3,4,4,4,3,69,4,4
Trm_gut_CD8.,6,7,2,10,7,15,10,28,6,9
Tregs.,2,0,0,0,0,0,0,0,0,0
Tem.emra_CD8.,4,4,4,7,5,13,8,22,5,5
Tfh.,5,8,2,2,3,2,2,3,2,2
Tnaive.CM_CD4.,0,5,5,3,1,6,3,68,3,3
Trm_Th1.Th17.,3,1,1,1,7,1,1,26,1,1
Tregs.,2,2,0,6,3,7,7,74,0,0
Tregs.,2,2,0,6,3,14,7,49,0,0
Teffector.EM_CD4.,5,8,0,10,7,12,10,75,6,9
Tnaive.CM_CD4.,0,3,1,8,6,7,3,64,3,3
Tfh.,2,0,0,0,0,0,0,11,2,9
Tem.emra_CD8.,4,4,4,5,5,5,5,24,5,5
Tnaive.CM_CD4.,0,5,5,8,1,6,3,47,3,3
MAIT.,7,7,6,9,7,10,9,19,6,7
Tnaive.CM_CD8.,2,3,3,0,1,0,0,20,4,4
Tnaive.CM_CD8.,1,6,3,4,4,9,4,73,4,4
Trm_Th1.Th17.,0,5,5,3,4,6,3,41,3,3
Tnaive.CM_CD4.,0,3,5,3,4,3,3,73,3,3
Trm_Th1.Th17.,3,1,1,8,6,1,1,71,1,1
Tregs.,2,0,0,6,3,7,7,59,0,0
Tnaive.CM_CD8.,1,6,3,4,4,4,4,61,4,4
Tnaive.CM_CD4.,0,5,5,3,4,6,3,17,3,3
Tnaive.CM_CD8.,1,3,3,8,4,4,3,61,4,4
Trm_Th1.Th17.,3,1,1,1,6,1,1,30,1,1
Tnaive.CM_CD8.,1,6,3,4,6,4,4,52,4,4
Tnaive.CM_CD8.,1,6,3,4,4,9,4,34,4,4
Tnaive.CM_CD4.,0,5,5,3,1,6,3,47,3,3
MAIT.,7,7,6,9,7,10,9,19,6,7
Tnaive.CM_CD4.,0,5,5,3,4,8,3,17,3,3
Tfh.,2,0,1,8,0,4,0,0,2,2
Tnaive.CM_CD4.,0,5,5,3,4,6,6,55,3,3
Tfh.,5,8,2,6,7,2,7,59,2,2
Tregs.,2,0,0,6,0,12,7,53,0,0
Tnaive.CM_CD4.,0,5,5,3,4,3,6,34,3,3
Tfh.,2,0,0,0,0,0,0,11,2,2
Tnaive.CM_CD8.,1,6,3,4,4,9,4,55,4,4
Tnaive.CM_CD8.,1,6,3,4,6,9,4,12,4,4
Trm_Th1.Th17.,3,1,1,1,3,1,1,70,1,1
Trm_Th1.Th17.,3,6,3,1,6,1,1,18,1,1
Tnaive.CM_CD8.,1,6,3,4,4,9,4,55,4,4
Tnaive.CM_CD8.,1,6,3,4,4,4,4,69,4,4
Tregs.,2,2,0,6,2,14,7,43,0,0
Tnaive.CM_CD8.,1,6,3,4,4,4,4,27,4,4
Teffector.EM_CD4.,6,7,1,10,6,10,10,62,6,9
Tnaive.CM_CD8.,1,6,3,4,4,9,4,34,4,4
Tnaive.CM_CD8.,1,6,3,3,4,4,4,41,4,4
Tnaive.CM_CD8.,1,6,3,4,0,4,4,0,4,4
Tregs.,2,0,0,8,0,7,0,16,0,0
Tregs.,2,0,0,6,0,12,7,53,0,0
Trm_Th1.Th17.,3,5,1,1,4,4,1,18,3,3
Tnaive.CM_CD8.,1,6,3,4,4,9,4,41,4,4
Tregs.,2,0,3,8,0,0,0,16,0,1
Tnaive.CM_CD4.,0,5,5,3,1,6,3,68,3,3
Tregs.,2,0,0,0,0,7,0,31,0,0
Tnaive.CM_CD8.,1,6,3,3,1,9,6,55,4,4
Trm.em_CD8.,6,7,4,10,7,5,10,26,5,6
Tregs.,2,2,0,6,3,7,7,49,0,0
Trm_gut_CD8.,6,7,2,10,2,15,10,28,2,2
Tregs.,2,2,0,6,3,7,7,74,0,0
Trm_Th1.Th17.,3,1,1,1,6,1,1,52,1,1
Tfh.,5,8,2,2,7,2,2,23,2,2
Trm_gut_CD8.,6,7,1,10,7,15,10,23,6,9
Tnaive.CM_CD4.,0,3,3,3,8,12,3,44,3,3
Tgd_CRTAM..,4,4,4,7,5,13,8,22,5,6
Trm_Th1.Th17.,2,0,3,1,0,4,1,0,1,1
Trm_Th1.Th17.,3,1,1,1,6,1,1,30,1,1
Tfh.,5,8,2,2,3,2,2,49,2,2
MAIT.,7,7,6,9,6,10,9,29,6,7
Tfh.,5,8,2,2,2,2,2,2,2,2
Trm_Th1.Th17.,3,3,3,3,1,1,3,37,1,1
Tregs.,2,2,0,6,3,14,7,49,0,0
Tnaive.CM_CD4.,0,5,5,3,4,6,3,25,3,3
Tnaive.CM_CD4.,0,5,5,3,1,8,3,51,3,3
Trm.em_CD8.,4,4,4,10,5,13,10,15,5,6
Trm_Th1.Th17.,3,1,1,1,6,1,1,71,1,1
Tfh.,5,8,2,2,2,2,2,54,2,2
Tem.emra_CD8.,4,4,4,7,5,5,8,6,5,5
Tnaive.CM_CD4.,0,5,5,3,1,6,3,51,3,3
Tnaive.CM_CD4.,0,3,3,8,8,3,3,44,3,3
Tfh.,2,0,0,0,0,7,0,10,2,0
Tnaive.CM_CD4.,0,5,5,3,4,8,6,7,3,3
Tfh.,5,8,2,2,2,2,2,28,2,2
Tfh.,5,0,0,2,2,7,2,43,2,2
Tnaive.CM_CD4.,0,5,5,3,4,8,3,25,3,3
Tem.emra_CD8.,4,4,4,5,5,5,5,24,5,5
Tnaive.CM_CD8.,1,6,3,4,6,9,4,71,4,4
Tnaive.CM_CD4.,0,5,5,3,2,3,3,32,3,3
Tnaive.CM_CD4.,0,5,5,3,1,8,3,9,3,3
Tnaive.CM_CD8.,1,6,3,4,1,9,4,1,4,4
Tgd_CRTAM..,4,4,4,5,5,13,5,6,5,6
Tnaive.CM_CD8.,1,6,3,4,1,6,4,37,4,4
Trm_Th1.Th17.,3,1,1,1,7,1,2,23,1,1
Tnaive.CM_CD4.,0,5,5,3,1,8,3,51,3,3
Tnaive.CM_CD4.,2,3,3,8,0,3,3,16,3,3
Teffector.EM_CD4.,6,7,1,10,3,15,10,39,6,9
Tfh.,5,8,2,2,2,2,2,2,2,2
T_CD4.CD8.,0,3,5,8,6,8,3,64,0,3
Tnaive.CM_CD4.,0,5,5,3,4,6,4,25,3,3
Tnaive.CM_CD8.,1,6,3,4,4,9,4,14,4,4
Tregs.,2,2,0,6,3,14,7,40,0,0
Tem.emra_CD8.,4,4,4,5,5,5,5,50,5,5
Trm_Th1.Th17.,3,1,1,1,6,1,1,5,1,1
Tnaive.CM_CD8.,1,3,3,4,4,4,4,73,4,4
Tregs.,2,0,5,8,8,0,3,57,0,1
Tregs.,2,0,0,3,4,2,6,72,0,0
Tnaive.CM_CD8.,1,6,3,4,4,0,4,55,4,4
Tnaive.CM_CD4.,0,5,5,3,1,8,3,68,3,3
Tnaive.CM_CD4.,2,3,3,8,8,4,3,57,3,3
Tnaive.CM_CD8.,1,6,3,4,1,3,4,20,4,4
Trm.em_CD8.,4,4,4,7,5,13,8,6,5,6
Tnaive.CM_CD4.,0,5,5,3,4,6,6,72,3,3
Tem.emra_CD8.,4,4,4,5,5,5,5,6,5,5
Tem.emra_CD8.,4,4,4,5,5,5,5,15,5,5
Teffector.EM_CD4.,6,7,0,10,7,10,10,56,6,9
Tregs.,2,2,0,6,2,14,7,32,0,0
Tregs.,2,2,0,6,3,14,7,40,0,0
Trm_Th1.Th17.,3,1,1,1,6,1,1,70,1,1
Tem.emra_CD8.,4,4,4,5,5,5,5,15,5,5
Trm_Th1.Th17.,0,3,0,1,6,12,4,76,1,1
Tnaive.CM_CD8.,1,3,3,4,4,4,4,61,4,4
Trm_Th1.Th17.,3,1,1,1,6,1,1,46,1,1
Tnaive.CM_CD8.,1,3,3,4,1,4,4,4,4,4
Tem.emra_CD8.,4,4,4,5,5,5,5,33,5,5
Trm_Th1.Th17.,3,1,1,1,6,1,1,52,1,1
Tnaive.CM_CD4.,0,5,3,3,4,3,3,41,3,3
Tem.emra_CD8.,4,4,4,5,5,5,5,45,5,5
Tnaive.CM_CD8.,1,3,3,4,7,4,4,70,4,4
Tem.emra_CD8.,4,4,4,5,5,5,5,50,5,5
Trm_Th1.Th17.,2,3,1,8,0,0,3,0,1,1
Tnaive.CM_CD8.,1,6,3,4,6,9,4,12,4,4
Tnaive.CM_CD4.,0,3,3,3,1,3,3,20,3,3
Teffector.EM_CD4.,6,7,1,10,6,0,10,62,6,9
Tnaive.CM_CD8.,1,6,3,4,4,4,4,67,4,4
Tnaive.CM_CD8.,1,6,3,4,4,4,4,61,4,4
Tnaive.CM_CD4.,0,5,3,3,1,3,3,20,3,3
Tregs.,2,2,0,6,3,14,7,39,0,0
Tnaive.CM_CD8.,1,6,3,4,6,9,4,70,4,4
Tnaive.CM_CD8.,1,6,3,4,4,9,4,18,4,4
Tnaive.CM_CD8.,1,3,3,3,4,4,3,55,4,4
Tregs.,2,0,0,6,3,7,7,39,0,0
Trm_Th1.Th17.,3,8,6,10,7,15,10,56,2,1
Tregs.,2,0,0,0,0,7,0,31,0,0
Tnaive.CM_CD4.,0,5,5,3,1,8,6,7,3,10
Trm_gut_CD8.,6,7,2,10,7,2,10,56,2,2
Tnaive.CM_CD8.,1,6,3,4,4,9,4,14,4,4
Tregs.,2,2,0,6,3,14,7,39,0,0
Cycling.T.NK.,4,4,4,7,5,11,8,22,5,8
Tregs.,2,0,0,0,0,0,0,16,0,0
Tnaive.CM_CD4.,0,3,3,8,6,3,3,64,3,3
Teffector.EM_CD4.,6,7,1,10,7,15,10,35,6,9
Tnaive.CM_CD4.,0,5,5,3,1,8,3,68,3,3
Tnaive.CM_CD8.,1,6,3,4,4,1,4,18,4,4
Tnaive.CM_CD4.,0,3,3,3,6,4,3,71,3,3
Tfh.,2,0,0,2,0,0,2,75,2,2
Tem.emra_CD8.,4,4,4,5,5,5,5,24,5,5
Tnaive.CM_CD8.,1,6,3,4,4,4,4,5,4,4
Tnaive.CM_CD4.,0,0,3,8,8,3,3,57,3,3
Tem.emra_CD8.,4,4,4,5,5,5,5,38,5,5
Tnaive.CM_CD8.,1,6,3,4,4,4,4,55,4,4
MAIT.,7,7,6,9,5,10,9,6,6,7
Tem.emra_CD8.,2,0,4,0,0,5,0,31,5,5
Teffector.EM_CD4.,6,7,1,10,7,15,10,56,6,9
Tregs.,2,0,0,6,3,7,7,49,0,0
Tnaive.CM_CD8.,1,3,3,4,4,4,4,69,4,4
Tregs.,2,0,0,6,3,7,7,40,0,0
Tregs.,2,2,0,6,3,14,7,74,0,0
Tnaive.CM_CD4.,0,5,5,3,1,6,3,20,3,10
Trm_gut_CD8.,2,0,0,0,0,0,0,42,2,2
Trm_Th1.Th17.,0,3,3,4,4,4,4,41,1,1
Tfh.,5,8,2,2,2,2,2,60,2,2
Tregs.,2,0,0,0,0,0,0,0,0,0
Tfh.,5,8,2,2,2,2,2,60,2,2
Tnaive.CM_CD4.,0,5,5,3,1,8,3,68,3,3
Tregs.,2,2,0,6,3,7,7,49,0,0
Tregs.,2,2,0,6,2,6,7,32,0,1
Trm_Th1.Th17.,2,3,3,8,8,3,3,57,1,1
Trm_Th1.Th17.,3,3,1,1,6,1,1,13,1,1
Tem.emra_CD8.,4,4,4,5,5,5,5,50,5,5
Tnaive.CM_CD8.,0,6,3,3,6,9,6,52,4,4
MAIT.,7,7,6,9,7,10,9,19,6,7
Tnaive.CM_CD8.,1,6,3,4,4,9,4,14,4,4
Tnaive.CM_CD8.,2,3,3,8,0,0,0,0,4,4
Teffector.EM_CD4.,6,8,0,2,2,15,10,60,6,9
Tnaive.CM_CD4.,0,3,0,3,4,0,6,41,3,3
Tregs.,2,0,0,6,3,7,7,40,0,0
Tregs.,2,2,0,6,2,14,7,32,0,0
Tnaive.CM_CD4.,0,5,5,4,4,6,4,63,4,4
Tnaive.CM_CD4.,0,5,5,8,1,6,3,47,3,3
Tem.emra_CD8.,4,4,4,5,5,5,5,36,5,5
Tem.emra_CD8.,4,4,4,5,5,5,5,50,5,5
Tnaive.CM_CD4.,0,5,5,3,4,8,3,41,3,3
Trm_Th1.Th17.,0,5,1,3,1,1,3,68,1,1
Trm.em_CD8.,6,4,2,10,7,15,10,23,5,6
Tnaive.CM_CD8.,1,6,3,4,4,9,4,14,4,4
Tnaive.CM_CD8.,1,6,3,4,4,4,4,61,4,4
Trm.em_CD8.,6,7,4,10,2,13,10,28,2,2
Tregs.,0,3,0,8,8,14,3,57,0,3
Tfh.,2,0,0,0,0,12,0,11,2,2
Trm_Th1.Th17.,3,3,1,1,6,1,3,18,1,1
Tgd_CRTAM..,4,4,4,7,5,13,8,6,5,6
Tem.emra_CD8.,4,4,4,5,5,5,5,22,5,5
Tem.emra_CD8.,4,4,4,5,5,5,5,24,5,5
Trm_Th1.Th17.,3,1,2,1,7,1,1,48,1,1
Tnaive.CM_CD4.,0,5,5,3,1,8,3,9,3,3
Tnaive.CM_CD4.,1,6,5,3,4,8,3,73,3,3
Tnaive.CM_CD8.,1,6,3,4,4,9,4,25,4,4
Tem.emra_CD8.,4,4,4,5,5,5,5,24,5,5
Tnaive.CM_CD4.,0,5,3,3,4,3,6,34,3,10
Trm_Th1.Th17.,2,0,0,8,0,0,0,0,3,0
Tnaive.CM_CD4.,0,5,5,3,1,6,3,9,3,3
Tnaive.CM_CD4.,0,5,5,3,1,8,3,47,3,3
Tnaive.CM_CD4.,0,5,5,3,1,8,3,47,3,3
Tnaive.CM_CD4.,0,5,5,3,1,6,6,7,3,3
Tnaive.CM_CD4.,0,5,5,3,4,9,6,72,3,10
Trm_Th1.Th17.,3,1,1,1,6,1,1,30,1,1
Tnaive.CM_CD8.,1,6,3,4,6,9,4,52,4,4
Cycling.T.NK.,4,4,4,7,5,11,8,22,5,8
Trm_Th1.Th17.,3,1,1,1,6,1,1,30,1,1
Tnaive.CM_CD4.,0,5,5,3,1,6,3,68,3,3
Tnaive.CM_CD8.,1,6,3,4,4,9,4,55,4,4
Tregs.,2,2,0,6,3,14,7,39,0,0
Tnaive.CM_CD4.,0,5,5,3,1,8,3,9,3,3
Tgd_CRTAM..,4,4,4,7,5,13,8,50,5,6
Tregs.,2,6,0,6,6,0,7,76,0,0
Trm_gut_CD8.,6,7,2,10,2,15,10,28,2,2
Tregs.,2,2,0,6,3,14,7,40,0,0
Tnaive.CM_CD8.,1,6,3,4,6,9,4,52,4,4
Tnaive.CM_CD8.,1,6,3,4,6,9,4,52,4,4
Tem.emra_CD8.,2,0,4,0,0,5,0,38,5,5
Tregs.,2,2,0,6,2,7,7,60,0,0
Tem.emra_CD8.,4,4,4,5,5,5,5,6,5,5
Trm_Th1.Th17.,3,1,1,1,7,1,1,35,1,1
Tnaive.CM_CD8.,1,6,3,4,4,4,3,67,4,4
Tnaive.CM_CD8.,1,6,3,4,4,9,4,61,4,4
Tregs.,2,0,0,6,0,0,7,10,0,0
Tregs.,2,5,0,6,6,0,7,76,0,0
MAIT.,7,7,6,9,5,10,9,6,6,7
Trm_Th1.Th17.,3,1,1,1,6,1,1,52,1,1
Tfh.,5,8,2,2,2,2,2,60,2,2
Tnaive.CM_CD8.,1,6,3,4,4,9,4,25,4,4
Tnaive.CM_CD8.,1,6,3,4,4,4,4,55,4,4
Trm_Th1.Th17.,3,1,1,1,4,1,1,34,1,1
Tem.emra_CD8.,4,4,4,5,5,5,5,45,5,5
Tem.emra_CD8.,4,4,4,5,5,5,5,50,5,5
Tfh.,5,8,2,2,2,2,2,2,2,2
Teffector.EM_CD4.,6,7,1,10,7,15,10,23,6,9
Tem.emra_CD8.,4,4,4,5,5,5,5,24,5,5
Teffector.EM_CD4.,6,7,1,10,7,15,10,35,6,9
Tnaive.CM_CD8.,1,3,3,4,1,0,4,47,4,4
Tem.emra_CD8.,4,4,4,5,5,5,5,24,5,5
Tnaive.CM_CD8.,1,6,3,4,4,9,4,21,4,4
Trm_Th1.Th17.,3,3,1,8,0,1,0,53,1,1
Trm_Th1.Th17.,3,1,1,1,6,1,1,13,1,1
Tem.emra_CD8.,4,4,4,5,5,5,5,15,5,5
Tem.emra_CD8.,4,7,4,5,5,5,5,38,5,5
Tnaive.CM_CD4.,0,5,5,3,1,6,3,20,3,3
Tregs.,2,2,0,6,2,14,7,2,0,0
Trm_Th1.Th17.,3,1,1,1,7,1,1,54,2,1
Tnaive.CM_CD8.,1,6,3,4,4,9,4,67,4,4
Trm_Th1.Th17.,3,3,3,1,6,4,1,46,1,1
Tregs.,0,3,0,6,3,7,7,3,0,0
Tfh.,5,8,2,2,3,2,2,49,2,2
Tnaive.CM_CD8.,1,6,3,4,4,9,6,69,3,10
Tnaive.CM_CD8.,1,6,3,4,4,4,4,71,4,4
Tnaive.CM_CD8.,1,6,3,4,4,9,4,25,4,4
Trm_Th1.Th17.,3,1,1,3,4,1,3,18,1,1
Tnaive.CM_CD8.,1,6,3,4,4,4,4,66,4,4
Tem.emra_CD8.,4,4,4,5,5,5,5,15,5,5
Teffector.EM_CD4.,6,7,2,2,7,15,10,54,2,2
Tem.emra_CD8.,4,4,4,5,5,5,5,38,5,5
Tnaive.CM_CD4.,0,3,3,8,8,4,3,57,3,3
Trm_Th1.Th17.,2,3,0,1,0,12,1,53,1,1
Tnaive.CM_CD4.,0,5,5,3,1,8,6,51,3,3
Trm_Th1.Th17.,3,1,1,1,3,1,1,48,1,1
Tregs.,2,2,0,1,3,7,1,3,0,0
Tnaive.CM_CD4.,0,5,5,3,1,8,6,72,3,3
Teffector.EM_CD4.,6,7,3,2,6,15,2,52,0,0
Tnaive.CM_CD4.,0,5,5,3,4,6,3,41,3,3
Tnaive.CM_CD4.,0,5,5,3,4,9,3,68,3,3
Tnaive.CM_CD4.,0,3,3,3,8,3,3,44,3,3
Tregs.,2,0,0,2,0,7,2,10,0,0
Tregs.,2,2,0,6,2,14,7,43,0,0
Tem.emra_CD8.,4,4,4,5,5,5,5,33,5,5
Tnaive.CM_CD8.,0,3,3,4,0,4,4,75,4,4
Trm.em_CD8.,3,0,1,1,7,10,1,29,5,6
Trm_gut_CD8.,6,7,2,10,2,15,10,28,6,9
Tregs.,2,0,0,8,0,0,0,0,0,0
Trm_Th1.Th17.,3,1,1,2,3,6,2,3,1,1
Tregs.,2,0,0,6,0,7,0,10,0,0
Tnaive.CM_CD8.,1,6,3,4,4,9,4,34,4,4
Tregs.,2,0,3,8,0,0,7,47,0,0
Tnaive.CM_CD8.,1,6,3,4,4,9,4,37,4,4
Trm_Th1.Th17.,3,1,1,1,7,1,1,29,1,1
Tem.emra_CD8.,4,7,4,5,7,5,5,65,5,5
Tnaive.CM_CD8.,1,6,3,4,6,9,4,52,4,4
Tem.emra_CD8.,4,4,4,5,5,5,5,33,5,5
Tregs.,2,2,0,6,3,14,7,74,0,0
Tgd_CRTAM..,4,4,4,7,5,13,8,22,5,6
Tnaive.CM_CD4.,0,5,5,8,4,8,3,73,3,3
Tem.emra_CD8.,4,4,4,5,5,5,5,50,5,5
Trm.em_CD8.,4,7,1,1,7,10,1,58,5,6
Tregs.,2,0,0,6,3,7,7,40,0,0
Tem.emra_CD8.,4,4,4,5,5,5,5,22,5,5
Trm_Th1.Th17.,3,1,1,1,7,1,1,29,1,1
Tfh.,5,8,2,2,7,2,2,28,2,2
Tregs.,2,0,0,6,3,14,7,3,0,0
Tem.emra_CD8.,4,7,4,5,7,5,5,65,5,5
Tnaive.CM_CD4.,0,5,5,3,1,6,3,20,3,10
Tem.emra_CD8.,4,0,4,5,5,5,5,38,5,5
Tnaive.CM_CD8.,1,6,3,4,6,4,4,12,4,4
Trm_Th1.Th17.,3,3,1,8,8,4,1,44,1,1
MAIT.,7,7,6,9,7,10,9,19,6,7
Trm_Th1.Th17.,0,5,1,3,1,1,3,47,1,1
Tnaive.CM_CD4.,0,5,5,3,4,6,6,51,3,3
Tnaive.CM_CD4.,0,5,5,3,4,8,6,55,3,10
Tnaive.CM_CD8.,1,6,3,4,4,9,4,73,4,4
Tnaive.CM_CD4.,0,3,5,8,1,8,3,68,3,3
MAIT.,7,7,6,9,7,10,9,35,6,7
Trm_Th1.Th17.,3,1,1,1,6,1,1,71,1,1
Tnaive.CM_CD4.,0,5,5,3,4,6,3,14,3,3
Tnaive.CM_CD4.,0,5,5,3,1,6,3,20,3,3
Tnaive.CM_CD8.,1,6,3,4,4,9,4,61,4,4
Tgd_CRTAM..,4,4,4,7,5,13,8,22,5,6
Teffector.EM_CD4.,6,7,1,10,7,15,10,56,6,9
Tnaive.CM_CD8.,1,6,3,4,4,9,6,55,4,4
Trm_Th1.Th17.,3,5,1,3,4,15,6,34,1,1
Tfh.,5,8,2,2,2,2,2,2,2,2
Tnaive.CM_CD4.,0,3,3,3,4,8,3,73,3,3
MAIT.,7,7,6,9,7,10,9,19,6,7
Tnaive.CM_CD8.,1,6,3,4,1,9,4,1,4,4
Tregs.,2,0,0,8,0,0,0,16,0,0
Tfh.,5,8,2,2,2,2,2,2,2,2
Trm.em_CD8.,4,4,4,7,5,13,8,22,5,6
Tregs.,2,8,0,6,2,2,7,32,0,0
Tfh.,5,8,2,2,3,2,2,39,2,2
Tnaive.CM_CD8.,1,6,3,4,1,9,4,1,4,4
MAIT.,7,7,6,9,5,10,9,6,6,7
Tregs.,2,2,0,6,3,14,7,40,0,0
Tregs.,2,3,0,3,6,0,3,64,0,3
Tregs.,2,0,0,2,7,7,2,75,0,0
Tnaive.CM_CD8.,1,6,3,4,4,9,4,27,4,4
Tnaive.CM_CD4.,0,5,5,3,4,8,3,47,3,3
Tnaive.CM_CD8.,1,6,1,4,6,4,4,71,4,4
Tnaive.CM_CD4.,0,5,5,3,4,6,3,73,3,3
Tregs.,2,0,0,6,6,7,7,64,0,0
Tnaive.CM_CD8.,1,6,3,4,4,9,4,25,4,4
Tregs.,2,2,0,6,3,14,7,39,0,0
Tnaive.CM_CD4.,0,5,5,3,4,8,6,72,3,3
Tnaive.CM_CD4.,0,5,3,3,1,3,3,4,3,3
Tnaive.CM_CD4.,0,5,5,3,4,8,3,17,3,3
Tfh.,2,0,0,0,0,0,0,0,2,2
Trm_Th1.Th17.,3,1,1,1,7,1,1,23,1,1
Tnaive.CM_CD8.,1,6,3,4,4,4,4,67,4,4
Tnaive.CM_CD8.,1,3,3,4,4,4,4,69,4,4
Tnaive.CM_CD8.,1,6,3,4,4,9,4,63,4,4
Tfh.,5,8,2,2,2,2,2,43,2,2
Trm_Th1.Th17.,3,1,0,2,7,12,2,54,2,2
Tregs.,2,0,0,0,0,0,0,0,2,2
Tfh.,5,8,2,2,2,2,2,28,2,2
Tnaive.CM_CD8.,1,6,3,4,4,9,4,73,4,4
Trm_Th1.Th17.,0,3,1,8,0,0,1,53,2,1
Tnaive.CM_CD4.,0,5,5,8,1,6,3,37,3,3
Tem.emra_CD8.,4,7,4,5,7,5,5,65,5,5
Tnaive.CM_CD4.,0,3,2,3,1,8,3,7,3,3
Trm_Th1.Th17.,2,0,0,8,0,0,0,0,4,4
Trm_Th1.Th17.,3,1,1,1,6,1,1,62,1,1
Tnaive.CM_CD4.,0,5,5,3,1,8,3,68,3,3
Tnaive.CM_CD4.,0,3,3,3,4,4,3,17,4,4
Tem.emra_CD8.,4,4,4,5,5,5,5,22,5,5
Tregs.,2,0,0,6,3,7,7,40,0,0
Tnaive.CM_CD4.,0,3,3,3,4,4,4,66,2,10
Tnaive.CM_CD4.,0,5,5,8,1,6,3,4,3,3
Tem.emra_CD8.,4,4,4,5,5,5,5,38,5,5
Tregs.,2,0,0,0,0,0,0,11,0,0
Trm_Th1.Th17.,3,5,1,3,6,1,4,18,1,1
Trm_Th1.Th17.,3,5,1,3,4,1,6,34,1,1
Tem.emra_CD8.,4,4,4,5,5,5,5,45,5,5
Tnaive.CM_CD8.,1,6,3,4,6,9,4,52,4,4
Tnaive.CM_CD8.,1,3,3,4,8,4,4,69,4,4
Tregs.,2,3,0,4,0,7,6,10,0,0
Trm_gut_CD8.,6,7,1,10,7,15,10,56,6,9
Tnaive.CM_CD8.,1,6,3,4,6,9,4,52,4,4
Trm_Th1.Th17.,3,1,1,1,6,1,1,58,1,1
Tnaive.CM_CD4.,0,3,3,8,8,4,3,57,3,3
Tnaive.CM_CD8.,1,6,3,4,4,9,4,27,4,4
Tregs.,2,0,0,0,0,7,0,10,0,0
Tnaive.CM_CD4.,0,5,5,3,1,6,6,7,3,3
Tnaive.CM_CD4.,0,5,5,3,1,8,3,68,3,3
Tnaive.CM_CD8.,1,6,3,4,6,4,4,70,4,4
MAIT.,7,7,6,9,7,10,9,19,6,7
Tgd_CRTAM..,4,4,4,7,5,13,8,6,5,6
Tnaive.CM_CD4.,0,5,5,3,1,6,3,51,3,3
Trm_Th1.Th17.,3,1,1,1,6,1,1,13,1,1
Tnaive.CM_CD4.,0,3,5,8,1,6,3,4,3,3
Trm_Th1.Th17.,3,1,3,1,6,1,1,59,1,1
Trm_Th1.Th17.,3,1,1,1,2,1,6,54,1,1
Tem.emra_CD8.,4,4,4,5,5,5,5,33,5,5
Tnaive.CM_CD8.,1,6,3,4,4,9,4,73,4,4
MAIT.,7,7,6,9,7,10,9,19,6,7
Tfh.,2,0,2,2,2,6,2,32,2,2
Tnaive.CM_CD8.,1,3,3,4,4,4,4,61,4,4
Tnaive.CM_CD8.,1,6,3,4,4,9,4,25,4,4
Trm_Th1.Th17.,3,3,0,1,0,12,1,75,2,1
Trm_Th1.Th17.,3,1,1,1,7,1,1,23,1,1
Tnaive.CM_CD8.,1,6,3,4,4,9,4,18,4,4
Tnaive.CM_CD4.,0,5,5,3,4,6,3,61,3,10
Trm_Th1.Th17.,3,1,1,1,7,1,1,23,1,1
Tnaive.CM_CD8.,1,3,3,4,4,3,4,73,4,4
Tfh.,5,8,2,2,2,2,2,60,2,2
Tnaive.CM_CD8.,1,6,3,4,4,9,4,18,4,4
Tnaive.CM_CD8.,1,6,3,4,4,4,4,66,4,4
Tnaive.CM_CD8.,1,6,3,4,4,9,4,14,4,4
Tregs.,2,2,0,6,3,14,7,39,0,0
Trm_Th1.Th17.,3,3,1,1,6,1,1,58,1,1
Tregs.,2,8,0,6,3,7,7,39,0,0
Tnaive.CM_CD8.,1,6,3,4,8,9,4,44,4,4
MAIT.,7,7,6,9,7,10,9,19,6,7
Tregs.,2,0,0,6,0,0,7,10,0,0
Tregs.,2,0,0,0,0,0,0,0,0,10
Tnaive.CM_CD8.,1,6,3,4,4,6,4,21,4,4
Trm_Th1.Th17.,3,3,1,1,7,12,1,26,1,1
Tregs.,2,0,0,3,2,7,3,32,0,0
MAIT.,7,7,6,9,5,10,9,22,6,7
MAIT.,7,7,6,9,5,10,9,65,6,7
Tnaive.CM_CD4.,0,5,5,3,1,8,3,9,3,3
Tnaive.CM_CD4.,0,5,5,3,1,6,3,47,3,3
Tregs.,2,0,0,6,2,7,7,60,0,0
Tnaive.CM_CD8.,1,6,3,3,4,4,6,55,4,4
Trm_Th1.Th17.,2,0,0,0,0,0,0,42,1,0
Tnaive.CM_CD4.,0,3,3,8,1,4,3,37,3,3
Tregs.,2,2,0,6,3,14,7,3,0,0
Tnaive.CM_CD8.,1,6,3,4,4,9,4,63,4,4
Trm_Th1.Th17.,2,0,0,0,0,0,0,0,2,2
Tnaive.CM_CD4.,0,5,5,3,1,8,3,20,3,3
Tnaive.CM_CD4.,0,3,0,3,8,3,3,69,3,3
Tregs.,2,2,0,6,3,14,7,39,0,0
Tem.emra_CD8.,4,4,4,5,5,5,5,22,5,5
Tregs.,2,0,0,2,0,7,2,10,0,0
Tem.emra_CD8.,4,4,4,5,5,5,5,22,5,5
Tnaive.CM_CD8.,1,6,3,4,4,9,4,14,4,4
Tnaive.CM_CD4.,0,5,5,3,4,6,6,72,3,10
Tnaive.CM_CD4.,0,5,5,3,1,6,3,1,3,3
Tnaive.CM_CD8.,1,6,3,4,4,9,4,63,4,4
Tnaive.CM_CD4.,0,5,5,3,4,8,3,17,3,3
Tfh.,5,8,2,2,2,2,2,54,2,2
Tnaive.CM_CD8.,1,3,3,4,0,4,6,75,4,4
Tnaive.CM_CD8.,1,6,3,4,4,9,4,61,4,4
Tregs.,2,2,0,6,2,14,7,32,0,0
Tnaive.CM_CD4.,0,5,5,3,4,3,3,5,3,3
Tregs.,2,0,0,6,3,7,7,74,0,0
Tregs.,2,2,0,6,2,14,7,2,0,0
Tnaive.CM_CD8.,1,3,3,4,6,9,4,64,4,4
Tregs.,2,0,0,6,3,7,7,59,0,0
Tnaive.CM_CD4.,0,5,5,3,4,6,6,72,3,10
Trm_Th1.Th17.,3,1,1,2,3,1,2,39,1,1
Trm_Th1.Th17.,3,1,1,3,4,6,3,41,1,1
Tnaive.CM_CD4.,0,5,5,3,4,8,6,34,3,3
Tnaive.CM_CD8.,1,6,3,4,4,4,4,67,4,4
Tregs.,2,2,0,10,2,2,2,8,0,0
Tnaive.CM_CD4.,0,3,3,3,1,3,3,7,3,3
Tnaive.CM_CD8.,1,3,3,8,8,4,4,44,4,4
Trm_Th1.Th17.,3,3,3,1,7,1,1,59,1,1
Tnaive.CM_CD8.,1,6,3,4,4,9,4,21,4,4
Trm_Th1.Th17.,3,1,1,1,4,1,1,54,1,1
Tnaive.CM_CD8.,1,6,3,4,0,4,0,0,4,4
Tem.emra_CD8.,4,4,4,5,5,5,5,36,5,5
Tnaive.CM_CD4.,0,5,3,8,4,4,3,73,3,3
Tregs.,2,0,0,6,3,7,7,74,0,0
Tnaive.CM_CD8.,1,6,3,3,1,4,3,47,4,4
Tnaive.CM_CD8.,1,6,3,4,6,9,4,52,4,4
Tnaive.CM_CD8.,1,6,3,4,4,9,4,55,4,4
Tnaive.CM_CD8.,1,5,3,3,6,4,7,70,3,4
Trm_Th1.Th17.,3,1,1,3,4,1,3,18,1,1
Tfh.,5,8,2,2,2,2,2,2,2,2
Tnaive.CM_CD8.,1,6,3,4,4,9,4,67,4,4
Tnaive.CM_CD8.,1,6,3,4,8,3,4,57,4,4
MAIT.,7,7,6,9,7,10,9,19,6,7
Trm.em_CD8.,3,3,1,1,6,10,1,29,6,9
Tnaive.CM_CD4.,0,5,5,3,1,8,6,51,3,3
Tfh.,2,3,0,2,0,7,2,53,2,2
Tnaive.CM_CD4.,0,3,0,3,1,3,3,20,3,3
Tnaive.CM_CD8.,1,6,3,4,4,9,4,73,4,4
Cycling.T.NK.,4,4,4,7,5,11,8,22,5,8
Tnaive.CM_CD8.,1,6,3,4,4,0,4,61,4,4
Tregs.,2,0,0,0,0,0,0,10,0,0
Tnaive.CM_CD4.,0,5,5,3,4,8,3,17,3,3
Tregs.,2,0,0,6,3,7,7,3,0,0
Tnaive.CM_CD4.,0,3,3,3,1,3,3,4,3,3
Trm_Th1.Th17.,3,1,1,1,6,1,1,30,1,1
Tnaive.CM_CD8.,1,3,3,3,4,3,3,63,3,3
T_CD4.CD8.,2,8,4,10,5,13,8,8,2,2
Tnaive.CM_CD8.,1,6,3,4,4,4,4,67,4,4
Tgd_CRTAM..,4,4,4,7,5,13,8,22,5,6
Tnaive.CM_CD8.,1,6,3,4,4,9,4,34,4,4
Tnaive.CM_CD8.,1,6,3,4,6,9,4,52,4,4
Tnaive.CM_CD8.,1,6,3,4,4,9,4,67,4,4
Trm_Th1.Th17.,3,3,1,1,3,1,3,47,1,1
Trm.em_CD8.,3,1,1,1,7,1,1,13,5,6
Tgd_CRTAM..,4,4,4,7,5,13,8,22,5,6
Tem.emra_CD8.,4,4,4,5,5,5,5,45,5,5
Tregs.,2,2,0,2,2,7,7,2,0,0
Tnaive.CM_CD8.,1,6,3,4,4,9,4,25,4,4
Trm_Th1.Th17.,1,3,0,8,0,0,0,0,1,1
Teffector.EM_CD4.,6,0,0,10,7,10,10,56,6,9
Tnaive.CM_CD4.,0,5,3,3,4,6,6,72,3,10
Tnaive.CM_CD8.,1,6,3,4,4,9,4,41,4,4
Trm_Th1.Th17.,3,1,6,1,6,1,1,29,6,9
Trm_Th1.Th17.,3,1,1,1,6,1,1,62,1,1
Tfh.,2,0,0,0,0,12,0,0,0,0
Trm_Th1.Th17.,3,1,1,3,4,1,1,18,1,1
Tnaive.CM_CD8.,1,6,3,4,4,9,4,25,4,4
Trm_Th1.Th17.,5,8,2,1,7,1,1,59,1,1
Trm_Th1.Th17.,3,1,1,1,7,1,1,29,1,1
Tfh.,5,8,2,2,2,2,2,28,2,2
Tem.emra_CD8.,4,4,4,5,5,5,5,33,5,5
Tem.emra_CD8.,4,7,4,5,5,5,5,38,5,5
Tregs.,0,3,0,8,8,0,0,44,0,0
Tregs.,2,0,0,0,0,7,0,10,0,0
Tregs.,2,0,0,0,0,0,0,0,0,0
Tnaive.CM_CD4.,0,5,5,3,4,6,3,41,3,3
Trm_Th1.Th17.,2,0,0,0,0,12,0,0,2,1
Tregs.,2,0,0,0,0,0,0,0,0,0
Tregs.,2,0,0,8,8,0,0,44,0,0
Tregs.,2,2,0,6,3,14,7,39,0,0
Teffector.EM_CD4.,6,7,1,10,6,10,10,62,6,9
Tnaive.CM_CD8.,1,3,3,4,4,4,4,5,4,4
Tfh.,5,8,2,2,2,2,2,2,2,2
Tnaive.CM_CD8.,1,6,3,4,6,9,4,52,4,4
Tfh.,5,8,2,2,3,2,2,59,2,2
Tnaive.CM_CD4.,0,5,5,3,4,6,3,18,3,3
Tem.emra_CD8.,4,4,4,5,5,5,5,33,5,5
Tnaive.CM_CD4.,0,3,3,8,4,3,3,73,3,3
Tnaive.CM_CD4.,0,5,5,3,4,8,3,47,3,3
Tgd_CRTAM..,4,4,4,7,5,13,8,50,5,6
Tnaive.CM_CD8.,1,6,3,4,4,4,4,67,4,4
Tnaive.CM_CD4.,0,5,5,3,4,8,6,72,3,10
Tnaive.CM_CD4.,0,5,5,3,1,8,3,7,3,3
Tgd_CRTAM..,4,4,4,7,5,13,8,6,5,6
Tregs.,2,0,0,0,0,0,0,31,0,0
Tregs.,2,2,0,6,3,14,7,39,0,0
Tregs.,2,0,0,2,2,7,2,43,0,0
Tnaive.CM_CD4.,0,3,3,8,8,3,3,57,3,3
Tnaive.CM_CD4.,0,3,5,3,4,8,3,67,3,3
Trm_Th1.Th17.,3,1,1,1,6,1,1,30,1,1
Tnaive.CM_CD8.,1,6,3,4,4,9,4,27,4,4
Tregs.,2,2,0,6,2,14,7,60,0,0
Tgd_CRTAM..,4,4,4,7,5,13,8,50,5,6
Tfh.,5,8,2,2,3,2,2,3,2,2
Tnaive.CM_CD4.,0,3,5,3,1,3,3,47,3,3
Teffector.EM_CD4.,6,3,1,1,6,10,1,30,6,9
MAIT.,7,7,6,9,7,10,9,19,6,7
Tnaive.CM_CD8.,1,3,3,4,6,4,4,12,4,4
Tfh.,5,8,2,2,2,2,2,28,2,2
Tem.emra_CD8.,4,4,4,7,5,5,8,22,5,5
Tregs.,2,0,0,6,2,7,7,54,0,0
Tnaive.CM_CD8.,1,0,3,8,8,4,4,57,4,4
Tnaive.CM_CD8.,1,6,3,4,4,9,4,34,4,4
Trm_Th1.Th17.,3,1,1,1,1,1,1,7,1,1
Tfh.,5,8,2,2,2,2,2,60,2,2
Tnaive.CM_CD4.,0,5,5,3,4,6,3,63,3,3
Tregs.,2,0,0,0,0,0,0,42,0,0
Tnaive.CM_CD4.,0,5,5,3,4,6,6,72,3,10
Tem.emra_CD8.,1,3,4,5,5,5,5,38,5,5
Tfh.,5,8,2,2,2,2,2,2,2,2
Tnaive.CM_CD8.,1,6,3,4,4,9,4,63,4,4
Trm_Th1.Th17.,3,1,1,1,6,1,1,29,1,1
Trm.em_CD8.,4,4,4,7,5,13,8,22,5,6
Tnaive.CM_CD4.,0,5,5,3,4,8,6,34,3,3
Trm_Th1.Th17.,2,0,1,1,1,12,1,7,1,1
Tnaive.CM_CD4.,0,5,5,3,1,8,3,9,3,3
MAIT.,7,7,6,9,7,10,9,15,6,7
Trm_Th1.Th17.,3,1,1,1,6,1,1,29,1,1
Trm_Th1.Th17.,0,3,1,3,6,1,3,58,1,1
Tnaive.CM_CD8.,1,6,3,4,4,9,4,61,4,4
Tnaive.CM_CD8.,1,6,3,4,4,4,4,67,4,4
Tem.emra_CD8.,4,4,4,5,5,13,8,6,5,5
Tnaive.CM_CD8.,1,6,3,4,4,9,4,25,4,4
Tnaive.CM_CD4.,0,5,5,3,4,8,6,72,3,3
Tregs.,2,0,0,1,3,7,1,43,0,0
Tem.emra_CD8.,4,4,4,5,5,5,5,24,5,5
Tem.emra_CD8.,4,4,4,5,5,5,5,6,5,5
Tnaive.CM_CD8.,1,6,3,4,6,9,4,64,4,4
MAIT.,6,7,1,10,7,15,10,23,6,7
Tnaive.CM_CD4.,0,5,5,3,1,6,3,20,3,10
Tregs.,2,2,0,6,2,14,7,2,0,0
Trm_Th1.Th17.,3,1,1,1,7,1,1,48,1,1
Tnaive.CM_CD4.,1,3,3,3,4,4,3,5,3,1
Trm_Th1.Th17.,3,3,1,1,1,1,1,4,1,1
Tem.emra_CD8.,4,4,4,5,5,5,5,33,5,5
Tnaive.CM_CD4.,0,3,3,8,8,3,3,57,3,3
Tregs.,2,2,0,6,3,14,7,3,0,0
Tnaive.CM_CD4.,2,0,0,8,0,3,3,16,3,3
Tem.emra_CD8.,4,4,4,5,5,5,5,45,5,5
Tnaive.CM_CD8.,1,6,3,4,4,12,4,46,4,4
Tregs.,2,2,0,6,3,14,7,39,0,0
Tnaive.CM_CD4.,2,0,0,8,8,0,0,53,3,3
Tregs.,2,2,0,6,3,14,7,39,0,0
Trm_Th1.Th17.,3,1,1,1,6,1,1,30,1,1
Tnaive.CM_CD8.,1,6,3,4,4,9,4,52,4,4
Tfh.,5,8,2,2,3,2,2,49,2,2
Trm_Th1.Th17.,0,5,1,3,1,1,3,47,1,1
Tnaive.CM_CD4.,0,5,5,3,4,6,6,72,3,3
Trm_Th1.Th17.,2,3,1,1,6,0,1,29,6,9
Tregs.,2,0,0,6,3,7,7,74,0,0
Tnaive.CM_CD8.,1,3,3,4,4,4,4,63,4,4
Tnaive.CM_CD8.,1,6,3,4,1,9,4,9,3,3
Tnaive.CM_CD4.,0,5,5,3,4,8,6,55,3,3
MAIT.,7,7,6,9,5,10,9,6,6,7
Tem.emra_CD8.,2,3,4,5,0,5,5,8,5,5
Tregs.,2,2,0,6,3,0,7,49,0,0
Tnaive.CM_CD4.,0,3,3,3,1,3,3,4,3,3
Tfh.,5,8,2,2,2,2,2,2,2,2
Tregs.,2,2,0,2,3,14,2,49,0,0
Teffector.EM_CD4.,6,1,1,1,6,10,1,62,6,9
Tnaive.CM_CD8.,1,6,3,4,4,9,4,61,4,4
Tnaive.CM_CD8.,1,6,3,4,4,9,4,67,4,4
Tregs.,2,0,0,0,0,0,0,31,0,0
MAIT.,7,7,6,10,7,10,10,35,6,7
Trm_Th1.Th17.,3,1,1,1,6,1,1,13,1,1
Tnaive.CM_CD8.,1,6,3,4,4,9,4,17,4,4
Tfh.,5,8,2,2,2,2,2,60,2,2
Tnaive.CM_CD4.,0,5,5,3,1,8,6,7,3,3
Tregs.,2,0,0,0,0,7,7,8,0,0
Tnaive.CM_CD8.,1,6,3,4,4,4,4,61,4,4
Tnaive.CM_CD8.,1,6,3,4,6,4,4,52,4,4
Tfh.,5,8,2,2,2,2,2,49,2,2
Tnaive.CM_CD4.,0,3,3,3,6,3,3,52,3,3
Tem.emra_CD8.,4,4,4,5,5,5,5,24,5,5
Tnaive.CM_CD4.,0,5,5,3,1,8,3,9,3,3
Tnaive.CM_CD4.,0,5,5,3,1,8,3,1,3,3
Trm_Th1.Th17.,0,3,5,3,1,1,3,47,1,1
Tnaive.CM_CD4.,0,5,5,3,4,8,3,41,3,3
Tem.emra_CD8.,4,4,4,5,7,5,5,19,5,5
Trm_Th1.Th17.,3,3,5,3,2,8,3,32,1,1
Tregs.,2,0,0,6,1,0,7,20,0,0
Tfh.,2,0,0,2,0,12,2,10,2,2
Tnaive.CM_CD4.,0,5,5,8,1,8,3,4,3,3
Tnaive.CM_CD8.,1,3,3,4,4,4,4,34,4,4
Tnaive.CM_CD8.,1,6,3,4,4,9,4,55,4,4
Tnaive.CM_CD4.,0,5,5,3,1,6,3,7,3,3
Tnaive.CM_CD8.,1,3,3,4,8,4,4,44,4,4
Trm_Th1.Th17.,3,3,1,1,6,1,1,59,0,0
Tnaive.CM_CD8.,2,3,3,8,8,4,0,69,4,4
Tnaive.CM_CD8.,1,6,3,4,4,9,4,55,4,4
Tregs.,2,2,0,6,2,14,7,2,0,0
Tnaive.CM_CD8.,1,6,3,4,6,4,4,30,4,4
Tregs.,2,0,0,0,0,7,0,10,0,0
Trm_Th1.Th17.,3,3,1,8,1,1,1,4,1,1
Trm_Th1.Th17.,3,1,1,2,2,1,2,60,1,1
Trm_Th1.Th17.,3,1,1,3,4,1,6,34,1,1
Tnaive.CM_CD4.,1,3,5,3,1,1,3,37,3,3
Tregs.,2,0,0,8,0,0,0,16,0,0
Trm_Th1.Th17.,3,1,1,1,6,1,1,29,2,1
Trm_Th1.Th17.,3,1,1,1,6,1,1,46,1,1
Tem.emra_CD8.,4,4,4,5,5,5,5,33,5,5
Trm_Th1.Th17.,3,1,1,1,6,1,1,70,1,1
Tregs.,2,2,0,6,3,14,7,40,0,0
Tregs.,2,0,0,6,3,7,7,3,0,0
Trm_Th1.Th17.,3,1,1,1,7,1,1,23,1,1
Tregs.,2,0,0,0,0,7,0,8,0,0
Tnaive.CM_CD4.,0,5,5,3,4,8,3,41,3,3
Trm_Th1.Th17.,3,1,1,1,6,1,1,30,1,1
Tnaive.CM_CD8.,1,3,3,8,0,4,0,0,4,4
Tem.emra_CD8.,4,4,4,5,5,5,5,24,5,5
Trm_Th1.Th17.,3,3,1,3,4,1,3,41,1,1
Tfh.,5,8,2,2,2,2,2,2,2,2
Tfh.,5,8,2,2,2,2,2,54,2,2
Tnaive.CM_CD8.,1,6,3,4,4,4,4,25,4,4
Trm_Th1.Th17.,3,3,1,3,4,4,3,5,1,1
T_CD4.CD8.,2,3,5,6,6,2,7,76,0,3
Tgd_CRTAM..,4,4,4,7,5,13,8,22,5,6
Tregs.,2,0,0,6,0,7,7,10,0,0
Trm_Th1.Th17.,3,1,1,1,7,1,1,26,1,1
